Sensitivity,FAR,BaselineTF,MIN,fracCohort,MPCmean,MPCsem,RR50,MPC_mSFlo,fracMPClo,MPC_mSFhi,fracMPChi,MPC_Blo,fracBlo,MPC_Bhi,fracBhi
0.25,0,True,2,0.096,19.999999999999996,nan,0.0,19.999999999999996,1.0,nan,0.0,19.999999999999996,1.0
0.25,0,True,3,0.064,22.22222222222222,nan,0.0,22.22222222222222,1.0,nan,0.0,22.22222222222222,1.0
0.25,0,True,4,0.048,27.27272727272727,nan,0.0,27.27272727272727,1.0,nan,0.0,27.27272727272727,1.0
0.25,0,True,5,0.037,30.434782608695656,nan,0.0,30.434782608695656,1.0,nan,0.0,30.434782608695656,1.0
0.25,0,True,6,0.029,33.333333333333336,nan,0.0,33.333333333333336,1.0,nan,0.0,33.333333333333336,1.0
0.25,0,False,2,0.095,-1.1919965942954414,nan,0.0,-1.1919965942954414,1.0,-100.0,0.2324621733149931,12.546296296296294,0.7675378266850069
0.25,0,False,3,0.064,-3.70370370370372,nan,0.0,-3.70370370370372,1.0,-113.33333333333333,0.28286541018221634,16.666666666666664,0.7171345898177837
0.25,0,False,4,0.049,-4.761904761904767,nan,0.0,-4.761904761904767,1.0,-100.0,0.34219748505462794,19.999999999999996,0.6578025149453721
0.25,0,False,5,0.037,-4.347826086956519,nan,0.0,-4.347826086956519,1.0,-80.95238095238095,0.3844900176558468,22.807017543859654,0.6155099823441532
0.25,0,False,6,0.029,-5.555555555555558,nan,0.0,-5.555555555555558,1.0,-73.33333333333331,0.41808492350008597,21.739130434782606,0.581915076499914
0.5,0,True,2,0.197,13.333333333333341,75.55555555555557,0.003094404707553391,12.82051282051282,0.9969055952924466,nan,0.0,13.333333333333341,1.0
0.5,0,True,3,0.138,14.28571428571429,66.66666666666667,0.0020616319444444445,14.28571428571429,0.9979383680555556,nan,0.0,14.28571428571429,1.0
0.5,0,True,4,0.102,17.647058823529417,66.66666666666667,0.0016115641939737266,17.460317460317466,0.9983884358060263,nan,0.0,17.647058823529417,1.0
0.5,0,True,5,0.080,19.999999999999996,66.66666666666666,0.0014325755216443475,19.999999999999996,0.9985674244783557,nan,0.0,19.999999999999996,1.0
0.5,0,True,6,0.066,19.999999999999996,71.82539682539682,0.0010552498680937664,19.999999999999996,0.9989447501319062,nan,0.0,19.999999999999996,1.0
0.5,0,False,2,0.193,0.0,33.333333333333336,0.0007272538375626607,0.0,0.9992727461624373,-100.0,0.15937248383158878,6.666666666666665,0.8406275161684112
0.5,0,False,3,0.138,-2.083333333333326,33.333333333333336,0.00036358347876672484,-2.1980676328502535,0.9996364165212333,-73.33333333333331,0.2005890052356021,9.090909090909093,0.7994109947643979
0.5,0,False,4,0.102,-3.3333333333333437,25.0,0.0002935995302407516,-3.3760683760683863,0.9997064004697592,-73.33333333333331,0.2358582892934038,11.111111111111116,0.7641417107065962
0.5,0,False,5,0.081,-3.3333333333333437,100.0,0.00012278224568727363,-3.3333333333333437,0.9998772177543127,-83.33333333333333,0.24623979372582724,13.333333333333341,0.7537602062741727
0.5,0,False,6,0.067,-3.0303030303030276,19.999999999999996,0.0005235210530252038,-3.0303030303030276,0.9994764789469748,-93.93939393939392,0.2733527784010171,16.666666666666664,0.7266472215989829
0.6,0,True,2,0.213,13.333333333333341,77.77777777777779,0.006101567633530461,12.399626517273576,0.9938984323664696,nan,0.0,13.333333333333341,1.0
0.6,0,True,3,0.158,15.151515151515149,66.66666666666667,0.006262651821862348,14.28571428571429,0.9937373481781376,nan,0.0,15.151515151515149,1.0
0.6,0,True,4,0.119,16.666666666666664,66.66666666666667,0.005486910994764398,15.555555555555555,0.9945130890052356,nan,0.0,16.666666666666664,1.0
0.6,0,True,5,0.096,19.191919191919194,61.111111111111114,0.006117327198577852,18.840579710144922,0.9938826728014222,nan,0.0,19.191919191919194,1.0
0.6,0,True,6,0.078,19.999999999999996,58.97435897435898,0.0059611563361322995,19.51854261548472,0.9940388436638677,nan,0.0,19.999999999999996,1.0
0.6,0,False,2,0.209,0.0,11.111111111111116,0.002273107936735817,0.0,0.9977268920632641,-100.0,0.15050367286387673,6.666666666666665,0.8494963271361232
0.6,0,False,3,0.155,-2.3809523809523947,0.0,0.0016727249332518417,-2.3809523809523947,0.9983272750667481,-83.33333333333333,0.1854794608678869,8.333333333333337,0.8145205391321131
0.6,0,False,4,0.119,-2.3809523809523947,16.666666666666664,0.002224273963404398,-2.564102564102555,0.9977757260365956,-71.42857142857142,0.2208746013093839,11.111111111111105,0.779125398690616
0.6,0,False,5,0.095,-3.0303030303030276,11.111111111111116,0.0013714526848823715,-3.0303030303030276,0.9986285473151176,-77.77777777777777,0.24279987340436754,12.82051282051282,0.7572001265956324
0.6,0,False,6,0.079,-3.5087719298245723,23.01587301587302,0.001267507446606249,-3.5087719298245723,0.9987324925533938,-100.0,0.2512199759173585,14.28571428571429,0.7487800240826414
0.7,0,True,2,0.234,11.111111111111116,66.66666666666667,0.01373438302241999,11.111111111111116,0.98626561697758,nan,0.0,11.111111111111116,1.0
0.7,0,True,3,0.177,13.580246913580252,66.66666666666667,0.014849109335742315,12.82051282051282,0.9851508906642577,nan,0.0,13.580246913580252,1.0
0.7,0,True,4,0.138,15.555555555555555,58.33333333333333,0.015335532755682849,14.942528735632177,0.9846644672443171,nan,0.0,15.555555555555555,1.0
0.7,0,True,5,0.110,16.666666666666664,57.57575757575757,0.0156689980924698,15.555555555555555,0.9843310019075302,nan,0.0,16.666666666666664,1.0
0.7,0,True,6,0.092,18.840579710144922,58.33333333333333,0.017041730391085863,17.948717948717952,0.9829582696089141,nan,0.0,18.840579710144922,1.0
0.7,0,False,2,0.228,-0.7575757575757569,11.111111111111116,0.006040048145311303,-0.952380952380949,0.9939599518546887,-100.0,0.14531130320604005,5.5555555555555465,0.85468869679396
0.7,0,False,3,0.175,-2.564102564102577,0.0,0.005442722507089862,-2.564102564102577,0.9945572774929101,-83.33333333333333,0.17474003838551663,7.407407407407396,0.8252599616144833
0.7,0,False,4,0.138,-1.754385964912264,2.380952380952378,0.006679008312461433,-1.9607843137254832,0.9933209916875385,-73.33333333333331,0.20781153580892228,9.523809523809524,0.7921884641910777
0.7,0,False,5,0.111,-3.5087719298245723,0.0,0.005708121713335431,-3.703703703703698,0.9942918782866645,-73.33333333333331,0.23452739448964,11.111111111111105,0.76547260551036
0.7,0,False,6,0.093,-3.0303030303030276,16.666666666666664,0.006101511879049676,-3.2258064516129004,0.9938984881209503,-83.33333333333333,0.24622030237580994,12.643678160919547,0.7537796976241901
0.8,0,True,2,0.253,11.111111111111116,71.42857142857143,0.0218806259520842,11.111111111111105,0.9781193740479158,nan,0.0,11.111111111111116,1.0
0.8,0,True,3,0.199,12.82051282051282,61.904761904761905,0.031230418327192522,11.111111111111116,0.9687695816728075,nan,0.0,12.82051282051282,1.0
0.8,0,True,4,0.158,13.333333333333341,55.55555555555556,0.03401963889768768,11.111111111111116,0.9659803611023123,nan,0.0,13.333333333333341,1.0
0.8,0,True,5,0.130,15.555555555555555,52.38095238095237,0.03512817556401091,13.888888888888884,0.9648718244359891,nan,0.0,15.555555555555555,1.0
0.8,0,True,6,0.107,16.666666666666664,50.0,0.03967810959158991,14.814814814814813,0.9603218904084101,nan,0.0,16.666666666666664,1.0
0.8,0,False,2,0.249,0.0,0.0,0.011721184583526006,0.0,0.988278815416474,-133.33333333333334,0.1392669736022035,4.761904761904756,0.8607330263977965
0.8,0,False,3,0.198,0.0,0.0,0.01593032062610452,0.0,0.9840696793738954,-100.0,0.1648068669527897,6.666666666666677,0.8351931330472103
0.8,0,False,4,0.160,-1.9607843137254832,0.0,0.016336710833982852,-1.9607843137254832,0.9836632891660172,-73.33333333333331,0.18297739672642244,7.692307692307687,0.8170226032735776
0.8,0,False,5,0.128,-1.754385964912275,0.0,0.019631566622433847,-1.7543859649122862,0.9803684333775662,-66.66666666666667,0.21227851065490594,10.416666666666663,0.787721489345094
0.8,0,False,6,0.108,-1.5873015873015817,3.703703703703709,0.019894512815767557,-1.754385964912275,0.9801054871842324,-69.6969696969697,0.22744517442398446,11.827956989247312,0.7725548255760155
0.85,0,True,2,0.252,11.111111111111116,73.33333333333334,0.022999244622907804,11.111111111111116,0.9770007553770922,nan,0.0,11.111111111111116,1.0
0.85,0,True,3,0.203,12.280701754385959,61.904761904761905,0.0330810066850177,11.111111111111116,0.9669189933149823,nan,0.0,12.280701754385959,1.0
0.85,0,True,4,0.166,13.333333333333341,53.333333333333336,0.0389864133702056,11.111111111111116,0.9610135866297944,nan,0.0,13.333333333333341,1.0
0.85,0,True,5,0.136,15.151515151515149,50.0,0.0445641347253477,13.333333333333341,0.9554358652746523,nan,0.0,15.151515151515149,1.0
0.85,0,True,6,0.112,16.666666666666664,48.71794871794871,0.04693868410444753,14.28571428571429,0.9530613158955524,nan,0.0,16.666666666666664,1.0
0.85,0,False,2,0.249,-1.5873015873015817,0.0,0.012069933434918597,-1.5873015873015817,0.9879300665650814,-144.44444444444443,0.14471890287914027,5.5555555555555465,0.8552810971208598
0.85,0,False,3,0.201,-2.0325203252032686,-11.111111111111116,0.017457041255315445,-1.9607843137254832,0.9825429587446846,-100.0,0.16323079601124016,6.666666666666665,0.8367692039887599
0.85,0,False,4,0.164,-1.754385964912264,-6.666666666666665,0.02234415485444292,-1.5268065268065234,0.977655845145557,-77.77777777777777,0.18329522938576437,8.333333333333337,0.8167047706142356
0.85,0,False,5,0.134,-2.3255813953488413,3.703703703703709,0.025077549800052324,-2.564102564102577,0.9749224501999477,-66.66666666666667,0.20802033112830287,9.090909090909093,0.7919796688716971
0.85,0,False,6,0.113,-3.0303030303030276,3.1339031339031376,0.026683159568828416,-3.0303030303030276,0.9733168404311716,-66.66666666666667,0.22777875949814455,10.476190476190483,0.7722212405018555
0.9,0,True,2,0.253,11.711711711711715,66.66666666666667,0.021908057340583292,11.111111111111116,0.9780919426594167,nan,0.0,11.711711711711715,1.0
0.9,0,True,3,0.206,13.333333333333341,61.904761904761905,0.03414444606343193,11.111111111111116,0.9658555539365681,nan,0.0,13.333333333333341,1.0
0.9,0,True,4,0.171,13.725490196078438,58.33333333333333,0.04551418491413243,11.111111111111116,0.9544858150858676,nan,0.0,13.725490196078438,1.0
0.9,0,True,5,0.145,14.814814814814813,51.515151515151516,0.05712902444928589,12.056737588652478,0.9428709755507141,nan,0.0,14.814814814814813,1.0
0.9,0,True,6,0.122,16.666666666666664,47.61904761904761,0.07056749220928325,12.82051282051282,0.9294325077907167,nan,0.0,16.666666666666664,1.0
0.9,0,False,2,0.250,-1.5873015873015817,16.666666666666664,0.01235777560039193,-1.8518518518518379,0.987642224399608,-166.66666666666666,0.14759343318202722,6.390142560355322,0.8524065668179728
0.9,0,False,3,0.205,-0.6289308176100628,0.0,0.02003367414167541,-0.7941009642654651,0.9799663258583245,-100.0,0.16395402747614748,6.666666666666665,0.8360459725238525
0.9,0,False,4,0.171,-2.2222222222222365,0.0,0.028598218471636194,-2.2222222222222365,0.9714017815283638,-88.8888888888889,0.18199132676980778,7.692307692307687,0.8180086732301922
0.9,0,False,5,0.145,-2.2222222222222365,0.0,0.03555326105661676,-2.3255813953488413,0.9644467389433833,-77.77777777777777,0.19779728101875754,8.581246931762394,0.8022027189812425
0.9,0,False,6,0.122,-2.564102564102577,3.703703703703709,0.04179153495627899,-2.77777777777779,0.958208465043721,-71.42857142857142,0.22065766246561846,9.80392156862745,0.7793423375343815
0.95,0,True,2,0.252,11.111111111111116,73.33333333333334,0.02270106945493579,9.80392156862745,0.9772989305450642,nan,0.0,11.111111111111116,1.0
0.95,0,True,3,0.208,12.121212121212121,62.962962962962955,0.03507842050738429,10.71428571428571,0.9649215794926157,nan,0.0,12.121212121212121,1.0
0.95,0,True,4,0.172,13.725490196078438,55.55555555555556,0.04781329215349203,11.111111111111116,0.9521867078465079,nan,0.0,13.725490196078438,1.0
0.95,0,True,5,0.145,14.741390265599192,51.515151515151516,0.05821492619671679,11.387259442214676,0.9417850738032832,nan,0.0,14.741390265599192,1.0
0.95,0,True,6,0.123,16.129032258064512,47.61904761904761,0.07168736006513332,12.5,0.9283126399348667,nan,0.0,16.129032258064512,1.0
0.95,0,False,2,0.251,0.0,0.0,0.01234395564950345,0.0,0.9876560443504966,-166.66666666666666,0.14575439716029195,6.666666666666665,0.8542456028397081
0.95,0,False,3,0.206,-1.4492753623188248,0.0,0.020479556883609067,-1.6666666666666607,0.979520443116391,-100.0,0.16269465296504143,7.070707070707072,0.8373053470349586
0.95,0,False,4,0.173,0.0,-4.761904761904767,0.029098384388210087,0.0,0.9709016156117899,-88.8888888888889,0.17962823556662227,9.090909090909093,0.8203717644333778
0.95,0,False,5,0.147,-2.2222222222222365,0.0,0.03608107189009046,-2.259887005649719,0.9639189281099095,-77.77777777777777,0.20172753859756512,9.090909090909093,0.7982724614024349
0.95,0,False,6,0.124,-2.273901808785539,0.0,0.04477973212844925,-2.3809523809523947,0.9552202678715508,-75.75757575757575,0.22030821365176698,11.111111111111116,0.779691786348233
0.99,0,True,2,0.252,11.111111111111116,73.33333333333334,0.0232276508308352,10.344827586206895,0.9767723491691648,nan,0.0,11.111111111111116,1.0
0.99,0,True,3,0.206,13.043478260869568,66.66666666666667,0.033488869446874694,11.111111111111116,0.9665111305531253,nan,0.0,13.043478260869568,1.0
0.99,0,True,4,0.172,14.28571428571429,55.55555555555556,0.04669985733834105,11.111111111111116,0.953300142661659,nan,0.0,14.28571428571429,1.0
0.99,0,True,5,0.144,15.151515151515149,51.515151515151516,0.0630117973629424,11.111111111111116,0.9369882026370576,nan,0.0,15.151515151515149,1.0
0.99,0,True,6,0.123,15.990867579908674,48.71794871794871,0.07058918875111435,12.5,0.9294108112488857,nan,0.0,15.990867579908674,1.0
0.99,0,False,2,0.251,-2.564102564102577,11.111111111111116,0.01235356337437883,-2.6441494472185023,0.9876464366256211,-166.66666666666666,0.14554852615403038,5.5555555555555465,0.8544514738459696
0.99,0,False,3,0.208,-2.2222222222222365,0.0,0.019708819636626157,-2.2222222222222365,0.9802911803633738,-100.0,0.1602213933341355,6.666666666666665,0.8397786066658646
0.99,0,False,4,0.172,-2.564102564102577,0.0,0.02781653296128357,-2.564102564102577,0.9721834670387164,-88.8888888888889,0.17933961167306128,6.784660766961659,0.8206603883269388
0.99,0,False,5,0.146,-1.2196935891715,-4.761904761904767,0.0364429484096998,-1.1494252873563093,0.9635570515903003,-80.95238095238095,0.1954386205949028,9.523809523809524,0.8045613794050972
0.99,0,False,6,0.123,-2.564102564102577,-2.7972027972028024,0.046166328600405676,-2.564102564102577,0.9538336713995943,-75.75757575757575,0.21845841784989858,11.111111111111116,0.7815415821501014
1.0,0,True,2,0.306,9.090909090909093,50.0,0.06646101617457442,6.666666666666665,0.9335389838254256,nan,0.0,9.090909090909093,1.0
1.0,0,True,3,0.248,10.256410256410264,44.44444444444444,0.08633906237392076,6.060606060606055,0.9136609376260793,nan,0.0,10.256410256410264,1.0
1.0,0,True,4,0.205,11.111111111111116,40.74074074074075,0.10056029232643118,7.10382513661203,0.8994397076735688,nan,0.0,11.111111111111116,1.0
1.0,0,True,5,0.173,12.643678160919547,39.39393939393939,0.11035536213505491,7.692307692307687,0.8896446378649451,nan,0.0,12.643678160919547,1.0
1.0,0,True,6,0.145,13.333333333333341,38.0952380952381,0.11950815142304504,8.333333333333337,0.880491848576955,nan,0.0,13.333333333333341,1.0
1.0,0,False,2,0.305,-1.5873015873015817,0.0,0.05163319464010746,-1.6666666666666607,0.9483668053598926,-100.0,0.12421780296825345,4.347826086956519,0.8757821970317465
1.0,0,False,3,0.248,-2.2222222222222365,0.0,0.06422092482980142,-2.3809523809523947,0.9357790751701985,-83.33333333333333,0.14432031676127755,4.761904761904756,0.8556796832387225
1.0,0,False,4,0.205,-1.5873015873015817,0.0,0.07616581576568875,-1.754385964912264,0.9238341842343113,-66.66666666666667,0.1633241322031414,6.25,0.8366758677968585
1.0,0,False,5,0.172,-1.9607843137254832,0.0,0.08305638155209609,-2.2222222222222365,0.916943618447904,-66.66666666666667,0.18182613258702116,6.666666666666677,0.8181738674129788
1.0,0,False,6,0.145,-2.083333333333326,-2.26244343891403,0.09436236525811895,-2.083333333333326,0.9056376347418811,-60.00000000000001,0.20253469711058306,9.090909090909093,0.797465302889417
0.25,0.03333333333333333,True,2,0.114,33.33333333333333,83.33333333333334,0.03242911608747097,28.57142857142857,0.967570883912529,nan,0.0,33.33333333333333,1.0
0.25,0.03333333333333333,True,3,0.070,26.66666666666667,88.88888888888889,0.004987886561208493,25.92592592592592,0.9950121134387915,nan,0.0,26.66666666666667,1.0
0.25,0.03333333333333333,True,4,0.050,29.166666666666664,91.66666666666666,0.0008002400720216065,28.888888888888896,0.9991997599279784,nan,0.0,29.166666666666664,1.0
0.25,0.03333333333333333,True,5,0.038,30.717948717948723,93.33333333333333,0.0001310272536687631,30.666666666666675,0.9998689727463312,nan,0.0,30.717948717948723,1.0
0.25,0.03333333333333333,True,6,0.030,36.11111111111111,84.61538461538461,0.00016564518800728838,36.11111111111111,0.9998343548119927,nan,0.0,36.11111111111111,1.0
0.25,0.03333333333333333,False,2,0.106,0.0,33.333333333333336,0.00899536028785153,0.0,0.9910046397121485,-100.0,0.3017706656566613,16.666666666666664,0.6982293343433387
0.25,0.03333333333333333,False,3,0.068,-3.0303030303030276,66.66666666666667,0.0008120478369998523,-3.0303030303030276,0.9991879521630002,-100.0,0.30075298981249077,17.287356321839084,0.6992470101875092
0.25,0.03333333333333333,False,4,0.050,-3.0303030303030276,nan,0.0,-3.0303030303030276,1.0,-90.47619047619048,0.34455880883381634,19.999999999999996,0.6554411911661837
0.25,0.03333333333333333,False,5,0.039,-3.0303030303030276,nan,0.0,-3.0303030303030276,1.0,-77.77777777777777,0.3953308396749645,23.076923076923073,0.6046691603250355
0.25,0.03333333333333333,False,6,0.030,-2.564102564102577,nan,0.0,-2.564102564102577,1.0,-66.66666666666667,0.4248530646515533,22.22222222222222,0.5751469353484466
0.5,0.03333333333333333,True,2,0.210,18.518518518518523,80.95238095238095,0.03489757027155788,16.666666666666664,0.9651024297284421,nan,0.0,18.518518518518523,1.0
0.5,0.03333333333333333,True,3,0.145,19.047619047619047,75.0,0.019714433167039396,17.94871794871795,0.9802855668329606,nan,0.0,19.047619047619047,1.0
0.5,0.03333333333333333,True,4,0.107,19.444444444444454,66.66666666666667,0.010460934946060804,18.518518518518523,0.9895390650539392,nan,0.0,19.444444444444454,1.0
0.5,0.03333333333333333,True,5,0.083,19.999999999999996,66.66666666666666,0.0064028994261552405,19.999999999999996,0.9935971005738448,nan,0.0,19.999999999999996,1.0
0.5,0.03333333333333333,True,6,0.068,22.22222222222222,66.66666666666667,0.004559158761673653,22.22222222222222,0.9954408412383263,nan,0.0,22.22222222222222,1.0
0.5,0.03333333333333333,False,2,0.203,0.0,33.333333333333336,0.016119916451652536,0.0,0.9838800835483474,-100.0,0.2072981938813122,9.523809523809524,0.7927018061186878
0.5,0.03333333333333333,False,3,0.142,-3.0303030303030276,0.0,0.006000917787426312,-3.0303030303030276,0.9939990822125737,-77.77777777777777,0.2324120159553814,11.111111111111116,0.7675879840446186
0.5,0.03333333333333333,False,4,0.105,-1.2345679012345734,22.22222222222222,0.0020900627018810565,-1.3333333333333197,0.9979099372981189,-77.77777777777777,0.24463233897016912,13.333333333333341,0.7553676610298309
0.5,0.03333333333333333,False,5,0.082,-3.70370370370372,19.444444444444443,0.0012173595471422485,-3.70370370370372,0.9987826404528578,-90.47619047619048,0.2650800413902246,13.946441155743484,0.7349199586097754
0.5,0.03333333333333333,False,6,0.068,-3.3333333333333437,22.22222222222222,0.0005115837170211211,-3.3333333333333437,0.9994884162829789,-100.0,0.2858291310385149,17.144417144417144,0.7141708689614851
0.6,0.03333333333333333,True,2,0.223,16.666666666666664,73.33333333333334,0.034689987666778783,15.94202898550725,0.9653100123332212,nan,0.0,16.666666666666664,1.0
0.6,0.03333333333333333,True,3,0.163,16.666666666666664,71.42857142857143,0.02222768021613656,15.555555555555555,0.9777723197838635,nan,0.0,16.666666666666664,1.0
0.6,0.03333333333333333,True,4,0.124,18.518518518518523,66.66666666666667,0.016193514517627104,17.948717948717952,0.9838064854823729,nan,0.0,18.518518518518523,1.0
0.6,0.03333333333333333,True,5,0.098,19.999999999999996,66.66666666666666,0.014465344510325088,18.518518518518523,0.9855346554896749,nan,0.0,19.999999999999996,1.0
0.6,0.03333333333333333,True,6,0.080,21.212121212121215,58.97435897435898,0.010586982396792583,20.68965517241379,0.9894130176032074,nan,0.0,21.212121212121215,1.0
0.6,0.03333333333333333,False,2,0.217,0.0,0.0,0.01606259348751582,0.0,0.9839374065124842,-100.0,0.1917846047635485,8.333333333333337,0.8082153952364515
0.6,0.03333333333333333,False,3,0.160,0.0,0.0,0.008667726748355314,0.0,0.9913322732516446,-86.66666666666667,0.20677828703270665,11.111111111111105,0.7932217129672934
0.6,0.03333333333333333,False,4,0.123,-3.0303030303030276,0.0,0.005587959375127463,-3.0303030303030276,0.9944120406248725,-77.77777777777777,0.2358363584451605,11.111111111111116,0.7641636415548395
0.6,0.03333333333333333,False,5,0.097,0.0,0.0,0.004528845658998508,0.0,0.9954711543410015,-83.33333333333333,0.24378570325768104,14.28571428571429,0.756214296742319
0.6,0.03333333333333333,False,6,0.080,-3.9215686274509887,19.999999999999996,0.002197112366603892,-4.0000000000000036,0.9978028876333961,-87.87878787878789,0.2637162586315129,14.28571428571429,0.7362837413684872
0.7,0.03333333333333333,True,2,0.244,16.666666666666664,71.42857142857143,0.0438840674635664,13.333333333333341,0.9561159325364336,nan,0.0,16.666666666666664,1.0
0.7,0.03333333333333333,True,3,0.181,16.402116402116405,66.66666666666667,0.03230084827719599,14.28571428571429,0.967699151722804,nan,0.0,16.402116402116405,1.0
0.7,0.03333333333333333,True,4,0.141,16.666666666666664,58.97435897435898,0.028343384178786804,15.555555555555555,0.9716566158212132,nan,0.0,16.666666666666664,1.0
0.7,0.03333333333333333,True,5,0.112,17.948717948717952,60.0,0.02408941134562294,16.666666666666664,0.9759105886543771,nan,0.0,17.948717948717952,1.0
0.7,0.03333333333333333,True,6,0.094,18.581293157564346,55.55555555555556,0.025395637296834903,17.07317073170732,0.9746043627031651,nan,0.0,18.581293157564346,1.0
0.7,0.03333333333333333,False,2,0.239,-2.2222222222222365,11.111111111111116,0.022512617536805512,-2.492429536454699,0.9774873824631944,-100.0,0.18629976335574125,6.976744186046513,0.8137002366442587
0.7,0.03333333333333333,False,3,0.178,-2.1054964539007015,0.0,0.014759628900759067,-2.2222222222222365,0.9852403710992409,-100.0,0.2010402024177678,8.771929824561408,0.7989597975822322
0.7,0.03333333333333333,False,4,0.140,-3.0303030303030276,0.0,0.011444666286366229,-3.0303030303030276,0.9885553337136338,-80.95238095238095,0.22154877353108957,10.256410256410264,0.7784512264689104
0.7,0.03333333333333333,False,5,0.112,-3.0303030303030276,0.0,0.011259958164582314,-3.2258064516129004,0.9887400418354176,-73.33333333333331,0.23392229293693534,11.111111111111116,0.7660777070630647
0.7,0.03333333333333333,False,6,0.094,-2.3982056590752365,-4.761904761904767,0.010373222115281787,-2.3809523809523947,0.9896267778847182,-85.1851851851852,0.24339642818949844,12.82051282051282,0.7566035718105015
0.8,0.03333333333333333,True,2,0.259,14.28571428571429,66.66666666666667,0.04688132261980461,11.111111111111116,0.9531186773801954,nan,0.0,14.28571428571429,1.0
0.8,0.03333333333333333,True,3,0.204,14.28571428571429,66.66666666666667,0.0470501655832209,11.111111111111116,0.952949834416779,nan,0.0,14.28571428571429,1.0
0.8,0.03333333333333333,True,4,0.162,16.666666666666664,57.95454545454545,0.04840450131031293,13.333333333333341,0.9515954986896871,nan,0.0,16.666666666666664,1.0
0.8,0.03333333333333333,True,5,0.132,16.666666666666664,53.333333333333336,0.04886178553842657,14.28571428571429,0.9511382144615734,nan,0.0,16.666666666666664,1.0
0.8,0.03333333333333333,True,6,0.110,17.948717948717952,50.0,0.05113947128532361,15.555555555555555,0.9488605287146764,nan,0.0,17.948717948717952,1.0
0.8,0.03333333333333333,False,2,0.256,0.0,0.0,0.028311267962641606,0.0,0.9716887320373584,-133.33333333333334,0.1668259013005245,6.666666666666665,0.8331740986994755
0.8,0.03333333333333333,False,3,0.201,-2.008032128514059,0.0,0.026508840424738268,-2.2222222222222365,0.9734911595752618,-100.0,0.1812349240295427,7.692307692307687,0.8187650759704573
0.8,0.03333333333333333,False,4,0.159,-2.564102564102577,-11.111111111111116,0.026086411237223304,-2.564102564102577,0.9739135887627767,-80.95238095238095,0.2046466420016304,9.090909090909093,0.7953533579983696
0.8,0.03333333333333333,False,5,0.132,-2.2222222222222365,0.0,0.02698701890230016,-2.3809523809523947,0.9730129810976998,-71.42857142857142,0.22398086996128444,10.63829787234043,0.7760191300387156
0.8,0.03333333333333333,False,6,0.108,-2.564102564102577,0.0,0.02562448151903401,-2.564102564102577,0.974375518480966,-70.37037037037037,0.24057516821826896,11.904761904761896,0.759424831781731
0.85,0.03333333333333333,True,2,0.264,14.28571428571429,71.42857142857143,0.046911708980674496,11.111111111111116,0.9530882910193255,nan,0.0,14.28571428571429,1.0
0.85,0.03333333333333333,True,3,0.208,14.28571428571429,63.63636363636363,0.04920123183524203,11.111111111111116,0.950798768164758,nan,0.0,14.28571428571429,1.0
0.85,0.03333333333333333,True,4,0.167,15.555555555555555,58.33333333333333,0.05251830817516066,12.82051282051282,0.9474816918248393,nan,0.0,15.555555555555555,1.0
0.85,0.03333333333333333,True,5,0.137,15.789473684210531,53.333333333333336,0.05698234349919743,13.166995193138991,0.9430176565008026,nan,0.0,15.789473684210531,1.0
0.85,0.03333333333333333,True,6,0.115,18.279569892473123,48.71794871794871,0.05692756653164337,15.674462556106779,0.9430724334683567,nan,0.0,18.279569892473123,1.0
0.85,0.03333333333333333,False,2,0.259,0.0,16.666666666666664,0.027673781311513372,0.0,0.9723262186884867,-166.66666666666666,0.16339881894322436,6.666666666666665,0.8366011810567756
0.85,0.03333333333333333,False,3,0.206,-2.2222222222222365,0.0,0.0293666820758619,-2.2222222222222365,0.9706333179241381,-100.0,0.17520254981630617,6.666666666666665,0.8247974501836939
0.85,0.03333333333333333,False,4,0.167,-2.564102564102577,0.0,0.031894484412470024,-2.6560846560846563,0.96810551558753,-80.95238095238095,0.19640287769784173,8.333333333333337,0.8035971223021583
0.85,0.03333333333333333,False,5,0.135,-2.2222222222222365,0.0,0.031213061465721042,-2.3809523809523947,0.968786938534279,-73.33333333333331,0.21546247044917258,9.80392156862745,0.7845375295508275
0.85,0.03333333333333333,False,6,0.114,-2.2222222222222365,0.0,0.03407595824927638,-2.564102564102577,0.9659240417507237,-66.66666666666667,0.23054995175861767,11.111111111111116,0.7694500482413823
0.9,0.03333333333333333,True,2,0.261,14.28571428571429,66.66666666666667,0.04779679185329811,11.111111111111116,0.9522032081467019,nan,0.0,14.28571428571429,1.0
0.9,0.03333333333333333,True,3,0.210,14.28571428571429,66.66666666666667,0.051880272627615465,11.111111111111116,0.9481197273723846,nan,0.0,14.28571428571429,1.0
0.9,0.03333333333333333,True,4,0.175,15.151515151515149,58.33333333333333,0.05797142938936761,11.111111111111116,0.9420285706106324,nan,0.0,15.151515151515149,1.0
0.9,0.03333333333333333,True,5,0.145,15.94202898550725,51.515151515151516,0.07079037800687285,12.82051282051282,0.9292096219931272,nan,0.0,15.94202898550725,1.0
0.9,0.03333333333333333,True,6,0.124,17.647058823529417,48.71794871794871,0.07913872505453665,13.725490196078438,0.9208612749454633,nan,0.0,17.647058823529417,1.0
0.9,0.03333333333333333,False,2,0.259,0.0,0.0,0.02855983459256826,-0.6289308176100628,0.9714401654074317,-166.66666666666666,0.16496299588413751,6.666666666666665,0.8350370041158625
0.9,0.03333333333333333,False,3,0.210,-1.9607843137254832,0.0,0.029648504477043248,-2.164502164502169,0.9703514955229567,-100.0,0.17353305391503143,7.14285714285714,0.8264669460849685
0.9,0.03333333333333333,False,4,0.174,-2.083333333333326,-4.761904761904767,0.03666016968585187,-1.9607843137254832,0.9633398303141482,-90.47619047619048,0.18917679431323092,8.045977011494255,0.8108232056867691
0.9,0.03333333333333333,False,5,0.144,-2.7027027027026973,0.0,0.043505347315958884,-2.77777777777779,0.9564946526840411,-83.33333333333333,0.2080088602775759,9.090909090909093,0.7919911397224241
0.9,0.03333333333333333,False,6,0.122,-2.564102564102577,-3.70370370370372,0.048326376953924215,-2.564102564102577,0.9516736230460758,-75.75757575757575,0.22837384401342173,11.111111111111116,0.7716261559865782
0.95,0.03333333333333333,True,2,0.263,15.151515151515149,66.66666666666667,0.04801872787484298,11.111111111111116,0.951981272125157,nan,0.0,15.151515151515149,1.0
0.95,0.03333333333333333,True,3,0.211,14.814814814814813,62.962962962962955,0.05107138629099089,11.757652701368315,0.9489286137090092,nan,0.0,14.814814814814813,1.0
0.95,0.03333333333333333,True,4,0.175,15.151515151515149,58.33333333333333,0.058178703968027407,11.111111111111116,0.9418212960319726,nan,0.0,15.151515151515149,1.0
0.95,0.03333333333333333,True,5,0.145,15.151515151515149,52.38095238095237,0.07111631269147362,11.111111111111116,0.9288836873085264,nan,0.0,15.151515151515149,1.0
0.95,0.03333333333333333,True,6,0.125,17.460317460317466,48.71794871794871,0.08187510033713277,13.580246913580252,0.9181248996628673,nan,0.0,17.460317460317466,1.0
0.95,0.03333333333333333,False,2,0.259,-2.564102564102555,0.0,0.02894417358795984,-2.564102564102577,0.9710558264120401,-166.66666666666666,0.16543657140654808,6.666666666666665,0.8345634285934519
0.95,0.03333333333333333,False,3,0.209,-2.2222222222222365,-6.666666666666665,0.03122977734103492,-2.2222222222222365,0.9687702226589651,-100.0,0.17520312537449367,7.407407407407396,0.8247968746255063
0.95,0.03333333333333333,False,4,0.174,-2.3809523809523947,0.0,0.03845712317759155,-2.564102564102577,0.9615428768224085,-90.47619047619048,0.19013316496383884,8.333333333333337,0.8098668350361612
0.95,0.03333333333333333,False,5,0.146,-0.6802721088435382,0.0,0.04316915609939501,-0.8405735678462922,0.956830843900605,-83.33333333333333,0.20097754383566327,10.784313725490202,0.7990224561643368
0.95,0.03333333333333333,False,6,0.124,-3.0303030303030276,0.0,0.05142627561269586,-3.0303030303030276,0.9485737243873041,-75.75757575757575,0.22036962635596624,10.344827586206895,0.7796303736440338
0.99,0.03333333333333333,True,2,0.263,14.28571428571429,71.42857142857143,0.04693834821173649,11.111111111111116,0.9530616517882635,nan,0.0,14.28571428571429,1.0
0.99,0.03333333333333333,True,3,0.210,14.28571428571429,62.962962962962955,0.05099466971254521,11.111111111111116,0.9490053302874548,nan,0.0,14.28571428571429,1.0
0.99,0.03333333333333333,True,4,0.173,14.814814814814813,57.57575757575757,0.05931054377614308,11.111111111111116,0.9406894562238569,nan,0.0,14.814814814814813,1.0
0.99,0.03333333333333333,True,5,0.147,16.666666666666664,53.333333333333336,0.06929074874868058,12.82051282051282,0.9307092512513194,nan,0.0,16.666666666666664,1.0
0.99,0.03333333333333333,True,6,0.125,16.666666666666664,48.14814814814814,0.08161632326465293,13.131313131313128,0.918383676735347,nan,0.0,16.666666666666664,1.0
0.99,0.03333333333333333,False,2,0.260,-1.7318938371569836,0.0,0.027232486528098537,-1.754385964912264,0.9727675134719015,-166.66666666666666,0.1653194765204003,6.666666666666665,0.8346805234795996
0.99,0.03333333333333333,False,3,0.209,-2.564102564102577,-6.666666666666665,0.03124102269462798,-2.564102564102577,0.968758977305372,-100.0,0.17720003830316958,7.692307692307687,0.8227999616968305
0.99,0.03333333333333333,False,4,0.174,-1.1919965942954414,-4.761904761904767,0.03634114058813374,-1.0752688172043001,0.9636588594118662,-100.0,0.18371985958450826,8.333333333333337,0.8162801404154918
0.99,0.03333333333333333,False,5,0.146,-2.6336127459722913,0.0,0.04389208436044919,-2.6846846846846795,0.9561079156395508,-83.33333333333333,0.21072993700356066,9.090909090909093,0.7892700629964393
0.99,0.03333333333333333,False,6,0.125,-3.0303030303030276,0.0,0.052642089707233296,-3.2258064516129004,0.9473579102927667,-80.0,0.21939529496345408,10.416666666666663,0.7806047050365459
1.0,0.03333333333333333,True,2,0.315,11.111111111111116,50.0,0.08976717629892787,6.666666666666665,0.9102328237010722,nan,0.0,11.111111111111116,1.0
1.0,0.03333333333333333,True,3,0.253,11.656626506024093,45.45454545454546,0.105762000870632,7.246376811594213,0.894237999129368,nan,0.0,11.656626506024093,1.0
1.0,0.03333333333333333,True,4,0.207,12.82051282051282,45.45454545454546,0.11604615719573264,7.692307692307687,0.8839538428042674,nan,0.0,12.82051282051282,1.0
1.0,0.03333333333333333,True,5,0.173,13.725490196078438,40.0,0.12720705100419014,7.936507936507942,0.8727929489958098,nan,0.0,13.725490196078438,1.0
1.0,0.03333333333333333,True,6,0.146,14.814814814814813,38.46153846153846,0.13861454046639232,8.951831453798404,0.8613854595336077,nan,0.0,14.814814814814813,1.0
1.0,0.03333333333333333,False,2,0.311,0.0,0.0,0.07295028014577212,0.0,0.9270497198542279,-133.33333333333334,0.14482492896016952,6.585365853658532,0.8551750710398305
1.0,0.03333333333333333,False,3,0.250,0.0,0.0,0.08053704704163915,-0.5089355089355041,0.9194629529583609,-86.66666666666667,0.15763251095503933,6.666666666666665,0.8423674890449607
1.0,0.03333333333333333,False,4,0.206,-1.754385964912264,0.0,0.08523666051122558,-1.9607843137254832,0.9147633394887744,-77.77777777777777,0.174555350374186,6.666666666666665,0.825444649625814
1.0,0.03333333333333333,False,5,0.172,-1.0101010101010166,3.0303030303030387,0.09716141378410507,-1.869322152341013,0.902838586215895,-66.66666666666667,0.19029255704717446,7.692307692307687,0.8097074429528255
1.0,0.03333333333333333,False,6,0.146,-2.2222222222222365,0.0,0.10299663992319824,-2.343893059879143,0.8970033600768017,-61.904761904761905,0.20907906466433518,8.915989159891597,0.7909209353356648
0.25,0.14285714285714285,True,2,0.195,40.74074074074075,66.66666666666667,0.16793029890256753,33.333333333333336,0.8320697010974325,nan,0.0,40.74074074074075,1.0
0.25,0.14285714285714285,True,3,0.111,42.85714285714286,77.77777777777779,0.13917734322319622,33.333333333333336,0.8608226567768038,nan,0.0,42.85714285714286,1.0
0.25,0.14285714285714285,True,4,0.070,37.77777777777778,77.77777777777779,0.07803344290410176,33.333333333333336,0.9219665570958983,nan,0.0,37.77777777777778,1.0
0.25,0.14285714285714285,True,5,0.049,36.5079365079365,80.0,0.03383381324557795,33.333333333333336,0.966166186754422,nan,0.0,36.5079365079365,1.0
0.25,0.14285714285714285,True,6,0.036,33.333333333333336,83.33333333333334,0.014575235980011104,33.333333333333336,0.9854247640199889,nan,0.0,33.333333333333336,1.0
0.25,0.14285714285714285,False,2,0.181,-1.9607843137254832,0.0,0.13531170413021815,-2.2222222222222365,0.8646882958697819,-133.33333333333334,0.4279703244380467,23.809523809523814,0.5720296755619533
0.25,0.14285714285714285,False,3,0.099,-2.564102564102577,0.0,0.07490390451143031,-3.0303030303030276,0.9250960954885697,-100.0,0.4134129071414121,21.212121212121215,0.5865870928585879
0.25,0.14285714285714285,False,4,0.062,-4.761904761904767,33.333333333333336,0.028444444444444446,-5.555555555555558,0.9715555555555555,-100.0,0.3988686868686869,19.999999999999996,0.6011313131313132
0.25,0.14285714285714285,False,5,0.043,-3.70370370370372,33.333333333333336,0.005414122796912798,-4.166666666666674,0.9945858772030872,-80.95238095238095,0.4090542564220712,23.076923076923073,0.5909457435779288
0.25,0.14285714285714285,False,6,0.033,-4.166666666666674,11.111111111111116,0.0007532389273877674,-4.166666666666674,0.9992467610726122,-75.0,0.4332630310334438,23.076923076923073,0.5667369689665562
0.5,0.14285714285714285,True,2,0.268,26.315789473684216,66.66666666666667,0.14537863679570573,18.918918918918916,0.8546213632042943,nan,0.0,26.315789473684216,1.0
0.5,0.14285714285714285,True,3,0.186,27.27272727272727,66.66666666666667,0.12777538262556584,21.212121212121215,0.8722246173744341,nan,0.0,27.27272727272727,1.0
0.5,0.14285714285714285,True,4,0.133,26.66666666666667,66.66666666666667,0.09746897514239372,21.568627450980394,0.9025310248576063,nan,0.0,26.66666666666667,1.0
0.5,0.14285714285714285,True,5,0.100,26.66666666666667,69.6969696969697,0.05987305712429407,22.480620155038757,0.940126942875706,nan,0.0,26.66666666666667,1.0
0.5,0.14285714285714285,True,6,0.077,24.6376811594203,66.66666666666666,0.03561928242392785,22.807017543859654,0.9643807175760721,nan,0.0,24.6376811594203,1.0
0.5,0.14285714285714285,False,2,0.263,0.0,0.0,0.11507250232805641,0.0,0.8849274976719436,-166.66666666666666,0.29050343031984643,16.666666666666664,0.7094965696801535
0.5,0.14285714285714285,False,3,0.176,-3.0303030303030276,0.0,0.08189312109152928,-3.0303030303030276,0.9181068789084708,-100.0,0.3071915861284821,13.333333333333341,0.6928084138715179
0.5,0.14285714285714285,False,4,0.124,-1.9607843137254832,0.0,0.04562462281231141,-2.2222222222222365,0.9543753771876886,-77.77777777777777,0.30227318446992557,14.814814814814813,0.6977268155300744
0.5,0.14285714285714285,False,5,0.094,-3.0303030303030276,4.761904761904756,0.022558796864167244,-3.390804597701158,0.9774412031358327,-77.77777777777777,0.295344248306757,14.28571428571429,0.704655751693243
0.5,0.14285714285714285,False,6,0.075,-2.564102564102577,8.095238095238095,0.01088182602348882,-2.564102564102577,0.9891181739765111,-88.8888888888889,0.30270055072656094,16.666666666666664,0.697299449273439
0.6,0.14285714285714285,True,2,0.279,23.809523809523814,66.66666666666667,0.13948066853166918,16.666666666666664,0.8605193314683308,nan,0.0,23.809523809523814,1.0
0.6,0.14285714285714285,True,3,0.200,24.6376811594203,66.66666666666667,0.12417239225484072,17.948717948717952,0.8758276077451592,nan,0.0,24.6376811594203,1.0
0.6,0.14285714285714285,True,4,0.149,25.0,66.66666666666667,0.09760527377909323,18.518518518518523,0.9023947262209068,nan,0.0,25.0,1.0
0.6,0.14285714285714285,True,5,0.113,23.809523809523814,66.66666666666666,0.07249955900511554,19.999999999999996,0.9275004409948845,nan,0.0,23.809523809523814,1.0
0.6,0.14285714285714285,True,6,0.091,23.076923076923073,64.1025641025641,0.047265732344050564,20.527306967984938,0.9527342676559495,nan,0.0,23.076923076923073,1.0
0.6,0.14285714285714285,False,2,0.274,0.0,0.0,0.11193513119533528,0.0,0.8880648688046647,-166.66666666666666,0.2657798833819242,14.28571428571429,0.7342201166180758
0.6,0.14285714285714285,False,3,0.191,-3.703703703703698,0.0,0.08,-3.70370370370372,0.92,-100.0,0.28026246719160103,12.280701754385959,0.7197375328083989
0.6,0.14285714285714285,False,4,0.141,-0.5291005291005346,-6.666666666666665,0.0484526967285588,-0.30030030030030463,0.9515473032714412,-80.95238095238095,0.2748364279398762,13.333333333333341,0.7251635720601238
0.6,0.14285714285714285,False,5,0.110,-2.857142857142847,-6.666666666666665,0.03302785591144179,-2.77777777777779,0.9669721440885582,-77.77777777777777,0.28209781326558386,13.333333333333341,0.7179021867344161
0.6,0.14285714285714285,False,6,0.089,-2.6743295019157065,-11.111111111111116,0.018562267971650354,-2.564102564102577,0.9814377320283496,-83.33333333333333,0.28023399707503654,14.70374175871222,0.7197660029249634
0.7,0.14285714285714285,True,2,0.294,22.22222222222222,60.0,0.13861268133215282,15.94202898550725,0.8613873186678471,nan,0.0,22.22222222222222,1.0
0.7,0.14285714285714285,True,3,0.217,22.807017543859654,66.66666666666667,0.13341611479028698,15.151515151515149,0.8665838852097131,nan,0.0,22.807017543859654,1.0
0.7,0.14285714285714285,True,4,0.165,22.22222222222222,63.63636363636363,0.10900042483461796,16.666666666666664,0.8909995751653821,nan,0.0,22.22222222222222,1.0
0.7,0.14285714285714285,True,5,0.130,21.568627450980394,60.0,0.08804230353558747,16.666666666666675,0.9119576964644125,nan,0.0,21.568627450980394,1.0
0.7,0.14285714285714285,True,6,0.104,22.22222222222222,55.55555555555556,0.07173138067251181,17.948717948717952,0.9282686193274882,nan,0.0,22.22222222222222,1.0
0.7,0.14285714285714285,False,2,0.290,0.0,0.0,0.1156802127769814,-1.3333333333333197,0.8843197872230186,-166.66666666666666,0.24600611388404345,11.111111111111116,0.7539938861159565
0.7,0.14285714285714285,False,3,0.211,-1.9607843137254832,0.0,0.08798293434463143,-2.2222222222222365,0.9120170656553686,-100.0,0.2575965868689263,11.111111111111116,0.7424034131310737
0.7,0.14285714285714285,False,4,0.159,-2.083333333333326,0.0,0.06148082855883649,-2.2222222222222365,0.9385191714411635,-83.33333333333333,0.25829503242460494,12.280701754385959,0.7417049675753951
0.7,0.14285714285714285,False,5,0.125,-3.0303030303030276,-6.666666666666665,0.045072330928944325,-2.857142857142847,0.9549276690710556,-83.33333333333333,0.26421711234208745,12.5,0.7357828876579126
0.7,0.14285714285714285,False,6,0.102,-2.77777777777779,0.0,0.03365572489253615,-2.857142857142847,0.9663442751074639,-77.77777777777777,0.2693434935521688,13.725490196078438,0.7306565064478312
0.8,0.14285714285714285,True,2,0.305,19.999999999999996,60.0,0.13422268838703333,12.82051282051282,0.8657773116129667,nan,0.0,19.999999999999996,1.0
0.8,0.14285714285714285,True,3,0.235,20.63492063492063,61.904761904761905,0.13567882029535236,13.333333333333341,0.8643211797046476,nan,0.0,20.63492063492063,1.0
0.8,0.14285714285714285,True,4,0.184,19.999999999999996,60.0,0.12358331977658478,13.333333333333341,0.8764166802234152,nan,0.0,19.999999999999996,1.0
0.8,0.14285714285714285,True,5,0.148,20.833333333333336,55.55555555555556,0.11538852209243271,15.151515151515149,0.8846114779075673,nan,0.0,20.833333333333336,1.0
0.8,0.14285714285714285,True,6,0.120,19.999999999999996,52.38095238095237,0.10596274844785199,14.814814814814813,0.894037251552148,nan,0.0,19.999999999999996,1.0
0.8,0.14285714285714285,False,2,0.305,-1.3333333333333197,0.0,0.11335833483451517,-1.5873015873015817,0.8866416651654848,-166.66666666666666,0.2227371730835367,11.111111111111116,0.7772628269164633
0.8,0.14285714285714285,False,3,0.230,-2.2222222222222365,0.0,0.09552148038747231,-2.564102564102577,0.9044785196125277,-100.0,0.23298292863038095,10.144927536231874,0.767017071369619
0.8,0.14285714285714285,False,4,0.178,-1.984408221119771,-6.666666666666665,0.07890607487110514,-1.8903659233847958,0.9210939251288949,-86.66666666666667,0.23610177090338488,11.111111111111105,0.7638982290966151
0.8,0.14285714285714285,False,5,0.145,-2.77777777777779,0.0,0.0690595340811044,-2.77777777777779,0.9309404659188956,-80.95238095238095,0.24890422778257118,11.111111111111116,0.7510957722174288
0.8,0.14285714285714285,False,6,0.118,-0.9895466290815169,0.0,0.06196454321825431,-1.2345679012345734,0.9380354567817457,-73.33333333333331,0.2572737297480702,12.82051282051282,0.7427262702519297
0.85,0.14285714285714285,True,2,0.307,19.047619047619047,60.0,0.13677677873338545,11.111111111111116,0.8632232212666145,nan,0.0,19.047619047619047,1.0
0.85,0.14285714285714285,True,3,0.239,19.999999999999996,61.904761904761905,0.13503787086245136,11.904761904761896,0.8649621291375487,nan,0.0,19.999999999999996,1.0
0.85,0.14285714285714285,True,4,0.189,19.047619047619047,58.33333333333333,0.12199889067906289,12.82051282051282,0.8780011093209371,nan,0.0,19.047619047619047,1.0
0.85,0.14285714285714285,True,5,0.153,19.54022988505748,55.55555555555556,0.12044560943643512,13.333333333333341,0.8795543905635649,nan,0.0,19.54022988505748,1.0
0.85,0.14285714285714285,True,6,0.126,19.444444444444454,51.11111111111111,0.11114201700707303,14.28571428571429,0.888857982992927,nan,0.0,19.444444444444454,1.0
0.85,0.14285714285714285,False,2,0.307,-0.9009009009009139,0.0,0.11299425812345035,-1.9607843137254832,0.8870057418765497,-166.66666666666666,0.21576079864282918,11.111111111111105,0.7842392013571708
0.85,0.14285714285714285,False,3,0.233,0.0,0.0,0.09587456625112453,-1.2196935891715,0.9041254337488754,-113.33333333333333,0.22235788030673007,11.111111111111105,0.7776421196932699
0.85,0.14285714285714285,False,4,0.185,-2.2222222222222365,0.0,0.08039942629827078,-2.2222222222222365,0.9196005737017292,-88.8888888888889,0.23126674424268664,9.523809523809524,0.7687332557573133
0.85,0.14285714285714285,False,5,0.149,-2.564102564102577,0.0,0.07395875184143565,-2.564102564102577,0.9260412481585644,-77.77777777777777,0.2378800053569037,11.111111111111116,0.7621199946430963
0.85,0.14285714285714285,False,6,0.124,-1.754385964912264,-4.761904761904767,0.07140833097194672,-1.538461538461533,0.9285916690280532,-71.42857142857142,0.24414038780714892,12.280701754385959,0.755859612192851
0.9,0.14285714285714285,True,2,0.309,19.047619047619047,61.904761904761905,0.13476508763695805,11.111111111111116,0.865234912363042,nan,0.0,19.047619047619047,1.0
0.9,0.14285714285714285,True,3,0.241,19.191919191919194,62.962962962962955,0.13838266428660384,11.111111111111116,0.8616173357133962,nan,0.0,19.191919191919194,1.0
0.9,0.14285714285714285,True,4,0.195,18.518518518518523,58.33333333333333,0.12668380462724935,11.111111111111116,0.8733161953727506,nan,0.0,18.518518518518523,1.0
0.9,0.14285714285714285,True,5,0.160,18.518518518518523,53.84615384615385,0.1261746648289688,12.5,0.8738253351710312,nan,0.0,18.518518518518523,1.0
0.9,0.14285714285714285,True,6,0.135,18.787878787878785,50.0,0.12115477383205314,12.82051282051282,0.8788452261679469,nan,0.0,18.787878787878785,1.0
0.9,0.14285714285714285,False,2,0.306,-1.9607843137254832,0.0,0.1113359002806239,-2.2222222222222365,0.8886640997193761,-188.88888888888889,0.21663512367029955,10.754475703324811,0.7833648763297004
0.9,0.14285714285714285,False,3,0.237,-1.5873015873015817,0.0,0.09530835054588374,-1.754385964912264,0.9046916494541163,-122.22222222222223,0.21694136492011973,9.581646423751689,0.7830586350798803
0.9,0.14285714285714285,False,4,0.191,-1.4492753623188248,0.0,0.08731906859660164,-1.754385964912264,0.9126809314033983,-100.0,0.22149674847912734,9.999999999999998,0.7785032515208726
0.9,0.14285714285714285,False,5,0.157,-1.0752688172043001,0.0,0.08566422427524689,-1.3333333333333197,0.9143357757247531,-80.95238095238095,0.2274928321121376,10.63829787234043,0.7725071678878623
0.9,0.14285714285714285,False,6,0.131,-3.0303030303030276,3.703703703703709,0.08648463383982634,-3.3333333333333437,0.9135153661601737,-77.77777777777777,0.2420503446437412,11.111111111111105,0.7579496553562588
0.95,0.14285714285714285,True,2,0.308,18.518518518518523,60.0,0.1355681818181818,11.111111111111116,0.8644318181818181,nan,0.0,18.518518518518523,1.0
0.95,0.14285714285714285,True,3,0.241,19.999999999999996,61.904761904761905,0.13601957653304578,11.111111111111116,0.8639804234669543,nan,0.0,19.999999999999996,1.0
0.95,0.14285714285714285,True,4,0.195,18.518518518518523,58.33333333333333,0.12718082922824303,11.111111111111116,0.872819170771757,nan,0.0,18.518518518518523,1.0
0.95,0.14285714285714285,True,5,0.162,18.699186991869908,53.84615384615385,0.12501541497101987,12.121212121212121,0.8749845850289801,nan,0.0,18.699186991869908,1.0
0.95,0.14285714285714285,True,6,0.135,17.994100294985248,51.11111111111111,0.12564339937048694,12.121212121212121,0.874356600629513,nan,0.0,17.994100294985248,1.0
0.95,0.14285714285714285,False,2,0.308,-2.2222222222222365,0.0,0.11180659426416076,-2.564102564102577,0.8881934057358393,-188.88888888888889,0.2161507446185862,10.447761194029848,0.7838492553814138
0.95,0.14285714285714285,False,3,0.237,-2.564102564102577,-4.761904761904767,0.09486249367302177,-2.564102564102577,0.9051375063269782,-122.22222222222223,0.216720094482875,9.090909090909093,0.783279905517125
0.95,0.14285714285714285,False,4,0.191,0.0,-6.666666666666665,0.0829349841966408,0.0,0.9170650158033592,-100.0,0.21317556095394824,10.144927536231874,0.7868244390460518
0.95,0.14285714285714285,False,5,0.158,-3.703703703703698,0.0,0.08370085985341244,-3.70370370370372,0.9162991401465875,-91.66666666666667,0.22537043500333154,9.80392156862745,0.7746295649966685
0.95,0.14285714285714285,False,6,0.134,-2.564102564102577,-3.0303030303030276,0.08810179328819108,-2.4099883855981497,0.9118982067118089,-77.77777777777777,0.23480169655480318,11.111111111111116,0.7651983034451968
0.99,0.14285714285714285,True,2,0.310,19.999999999999996,60.0,0.13857853267889433,12.82051282051282,0.8614214673211057,nan,0.0,19.999999999999996,1.0
0.99,0.14285714285714285,True,3,0.240,19.999999999999996,61.904761904761905,0.13587691028173407,11.111111111111116,0.8641230897182659,nan,0.0,19.999999999999996,1.0
0.99,0.14285714285714285,True,4,0.195,18.518518518518523,58.33333333333333,0.12567126596264036,11.111111111111116,0.8743287340373597,nan,0.0,18.518518518518523,1.0
0.99,0.14285714285714285,True,5,0.160,18.181818181818176,53.333333333333336,0.1261210587169151,11.515151515151523,0.8738789412830849,nan,0.0,18.181818181818176,1.0
0.99,0.14285714285714285,True,6,0.135,18.959882803696196,50.0,0.12827050997782705,12.5,0.8717294900221729,nan,0.0,18.959882803696196,1.0
0.99,0.14285714285714285,False,2,0.308,-2.2222222222222365,0.0,0.11302059645247223,-2.564102564102577,0.8869794035475278,-166.66666666666666,0.21670131895263467,11.111111111111105,0.7832986810473653
0.99,0.14285714285714285,False,3,0.236,-0.952380952380949,0.0,0.09582839735995938,-1.3228346456692797,0.9041716026400406,-126.66666666666666,0.21788796750719241,10.14492753623188,0.7821120324928076
0.99,0.14285714285714285,False,4,0.191,-1.9607843137254832,-4.761904761904767,0.0877128731001648,-1.754385964912275,0.9122871268998352,-100.0,0.22104795040154865,9.999999999999998,0.7789520495984513
0.99,0.14285714285714285,False,5,0.157,-2.2222222222222365,-0.9803921568627416,0.08094692630775105,-2.2222222222222365,0.919053073692249,-83.33333333333333,0.22301769123074966,10.691823899371066,0.7769823087692503
0.99,0.14285714285714285,False,6,0.134,-2.2222222222222365,0.0,0.08807981535254263,-2.2222222222222365,0.9119201846474574,-80.95238095238095,0.2401161492070583,12.280701754385959,0.7598838507929417
1.0,0.14285714285714285,True,2,0.350,14.28571428571429,50.0,0.16323586132022913,6.666666666666665,0.8367641386797708,nan,0.0,14.28571428571429,1.0
1.0,0.14285714285714285,True,3,0.283,15.789473684210531,50.0,0.18646103838747857,7.14285714285714,0.8135389616125214,nan,0.0,15.789473684210531,1.0
1.0,0.14285714285714285,True,4,0.232,16.666666666666664,48.14814814814814,0.19169432352053792,7.692307692307687,0.808305676479462,nan,0.0,16.666666666666664,1.0
1.0,0.14285714285714285,True,5,0.190,16.666666666666664,45.45454545454546,0.19315281176811136,8.016877637130793,0.8068471882318886,nan,0.0,16.666666666666664,1.0
1.0,0.14285714285714285,True,6,0.158,16.666666666666664,41.666666666666664,0.18964809846930725,8.333333333333337,0.8103519015306928,nan,0.0,16.666666666666664,1.0
1.0,0.14285714285714285,False,2,0.352,0.0,0.0,0.14959532310143236,0.0,0.8504046768985676,-166.66666666666666,0.1780578353697566,8.571428571428575,0.8219421646302434
1.0,0.14285714285714285,False,3,0.279,-1.9607843137254832,0.0,0.1568409940777585,-2.2222222222222143,0.8431590059222415,-113.33333333333333,0.2003184770356587,8.333333333333337,0.7996815229643414
1.0,0.14285714285714285,False,4,0.225,-1.754385964912264,0.0,0.14732846456081156,-1.9607843137254832,0.8526715354391884,-86.66666666666667,0.20158050123199184,8.333333333333337,0.7984194987680082
1.0,0.14285714285714285,False,5,0.188,-2.2222222222222365,0.0,0.14712832904065212,-2.564102564102577,0.8528716709593479,-73.33333333333331,0.21773187116645867,9.090909090909093,0.7822681288335414
1.0,0.14285714285714285,False,6,0.157,-1.754385964912264,0.0,0.14892601431980906,-1.9607843137254832,0.8510739856801909,-69.6969696969697,0.2233890214797136,10.032362459546917,0.7766109785202864
0.25,1,True,2,0.281,41.666666666666664,54.16666666666667,0.2722610971636131,33.333333333333336,0.727738902836387,nan,0.0,41.666666666666664,1.0
0.25,1,True,3,0.216,48.14814814814814,61.111111111111114,0.35443917120037044,40.74074074074075,0.6455608287996296,nan,0.0,48.14814814814814,1.0
0.25,1,True,4,0.163,53.333333333333336,66.66666666666667,0.3996800098458509,41.666666666666664,0.600319990154149,nan,0.0,53.333333333333336,1.0
0.25,1,True,5,0.118,55.91397849462365,70.83333333333333,0.4161844828314398,43.58974358974359,0.5838155171685602,nan,0.0,55.91397849462365,1.0
0.25,1,True,6,0.084,57.89473684210527,73.33333333333334,0.3920451172454734,44.44444444444444,0.6079548827545266,nan,0.0,57.89473684210527,1.0
0.25,1,False,2,0.301,-4.761904761904767,-6.666666666666665,0.26719405608902597,-4.761904761904767,0.732805943910974,-766.6666666666666,0.41023599847421927,37.03703703703704,0.5897640015257807
0.25,1,False,3,0.216,-5.555555555555558,0.0,0.3434289680703378,-6.666666666666665,0.6565710319296622,-233.33333333333334,0.5066404442387783,40.74074074074075,0.49335955576122165
0.25,1,False,4,0.151,-6.060606060606055,-11.111111111111116,0.35578863779240977,-4.761904761904767,0.6442113622075902,-144.44444444444443,0.5746285941170631,40.74074074074075,0.4253714058829368
0.25,1,False,5,0.102,-3.4482758620689724,-4.761904761904767,0.3378418256934881,-3.0303030303030276,0.6621581743065119,-100.0,0.6101711587645091,39.39393939393939,0.38982884123549083
0.25,1,False,6,0.068,-3.70370370370372,0.0,0.2946091843525845,-4.402515723270439,0.7053908156474155,-80.95238095238095,0.625231087776381,36.11111111111111,0.374768912223619
0.5,1,True,2,0.317,33.33333333333333,52.38095238095237,0.245836812502954,25.0,0.754163187497046,nan,0.0,33.33333333333333,1.0
0.5,1,True,3,0.261,38.46153846153846,58.33333333333333,0.319439123438817,26.66666666666667,0.680560876561183,nan,0.0,38.46153846153846,1.0
0.5,1,True,4,0.206,41.666666666666664,62.962962962962955,0.35498024386105254,28.205128205128204,0.6450197561389475,nan,0.0,41.666666666666664,1.0
0.5,1,True,5,0.162,44.44444444444444,66.66666666666666,0.3592466069614994,28.395061728395067,0.6407533930385007,nan,0.0,44.44444444444444,1.0
0.5,1,True,6,0.127,44.44444444444444,68.42105263157895,0.3397569512722696,29.259996681599475,0.6602430487277303,nan,0.0,44.44444444444444,1.0
0.5,1,False,2,0.340,-4.761904761904767,-6.666666666666665,0.24501265226858118,-4.761904761904767,0.7549873477314188,-833.3333333333334,0.31970517271817805,26.190476190476186,0.6802948272818219
0.5,1,False,3,0.266,-3.70370370370372,-3.70370370370372,0.3042611231304675,-3.70370370370372,0.6957388768695325,-273.3333333333333,0.3961809801523845,29.166666666666664,0.6038190198476154
0.5,1,False,4,0.202,-4.761904761904767,-8.333333333333325,0.31626812043117336,-3.70370370370372,0.6837318795688266,-166.66666666666666,0.450675257093297,28.888888888888896,0.549324742906703
0.5,1,False,5,0.153,-3.70370370370372,-7.692307692307687,0.29453332024732554,-3.0303030303030276,0.7054666797526744,-114.07407407407406,0.47089999018549417,27.42616033755274,0.5291000098145059
0.5,1,False,6,0.113,-3.70370370370372,0.0,0.2593915343915344,-4.347826086956519,0.7406084656084656,-100.0,0.47266313932980597,25.73593073593074,0.527336860670194
0.6,1,True,2,0.325,33.33333333333333,51.11111111111111,0.24357023167150918,22.522522522522515,0.7564297683284908,nan,0.0,33.33333333333333,1.0
0.6,1,True,3,0.268,33.333333333333336,57.57575757575757,0.31186946386946385,24.691358024691368,0.6881305361305361,nan,0.0,33.333333333333336,1.0
0.6,1,True,4,0.216,39.39393939393939,62.5,0.347646936271673,25.0,0.652353063728327,nan,0.0,39.39393939393939,1.0
0.6,1,True,5,0.172,41.17647058823529,64.44444444444444,0.3463858916347604,25.67765567765568,0.6536141083652396,nan,0.0,41.17647058823529,1.0
0.6,1,True,6,0.138,42.22222222222223,66.66666666666667,0.3363218972560645,25.726341169379147,0.6636781027439355,nan,0.0,42.22222222222223,1.0
0.6,1,False,2,0.347,-4.761904761904767,-4.761904761904767,0.24545887377183997,-4.761904761904767,0.75454112622816,-766.6666666666666,0.31032592229227685,24.6376811594203,0.6896740777077232
0.6,1,False,3,0.276,-3.0303030303030276,-5.555555555555558,0.2970349037294644,-2.77777777777779,0.7029650962705356,-283.33333333333337,0.3770218623775109,27.27272727272727,0.6229781376224891
0.6,1,False,4,0.213,-3.70370370370372,-4.761904761904767,0.3052172076321904,-3.3333333333333437,0.6947827923678096,-166.66666666666666,0.41852660236100353,27.27272727272727,0.5814733976389964
0.6,1,False,5,0.164,-2.564102564102577,0.0,0.2828578395513289,-3.0303030303030276,0.7171421604486711,-122.22222222222223,0.43760668129724456,25.396825396825395,0.5623933187027554
0.6,1,False,6,0.126,-1.9607843137254832,-6.666666666666665,0.24886679920477137,-1.2345679012345734,0.7511332007952286,-100.0,0.435427435387674,24.07407407407408,0.5645725646123261
0.7,1,True,2,0.333,27.27272727272727,51.515151515151516,0.23732701620762553,19.999999999999996,0.7626729837923745,nan,0.0,27.27272727272727,1.0
0.7,1,True,3,0.280,33.333333333333336,55.55555555555556,0.31128217034880606,21.568627450980394,0.688717829651194,nan,0.0,33.333333333333336,1.0
0.7,1,True,4,0.230,36.66666666666667,60.0,0.3403067431352103,22.22222222222222,0.6596932568647897,nan,0.0,36.66666666666667,1.0
0.7,1,True,5,0.186,38.88888888888889,64.1025641025641,0.3491269136599672,22.22222222222222,0.6508730863400328,nan,0.0,38.88888888888889,1.0
0.7,1,True,6,0.150,38.88888888888889,64.70588235294117,0.3398906375033342,22.22222222222222,0.6601093624966657,nan,0.0,38.88888888888889,1.0
0.7,1,False,2,0.354,-4.761904761904767,-4.761904761904767,0.24028383201433268,-4.761904761904767,0.7597161679856673,-766.6666666666666,0.28831802728285866,22.22222222222222,0.7116819727171414
0.7,1,False,3,0.287,-4.166666666666674,-4.761904761904767,0.29294654998082353,-3.977401129943503,0.7070534500191764,-300.0,0.3528468323977546,23.883928571428577,0.6471531676022454
0.7,1,False,4,0.225,-3.70370370370372,-4.761904761904767,0.3009525501254524,-3.546099290780136,0.6990474498745476,-166.66666666666666,0.3945866731798299,25.0,0.6054133268201701
0.7,1,False,5,0.177,-4.166666666666674,-6.666666666666665,0.29307171777230384,-3.703703703703698,0.7069282822276961,-122.22222222222223,0.4173674226337099,23.809523809523814,0.5826325773662901
0.7,1,False,6,0.139,-2.2222222222222365,-3.0303030303030276,0.25207386568563805,-2.083333333333326,0.747926134314362,-100.0,0.41394359085335064,22.807017543859654,0.5860564091466494
0.8,1,True,2,0.343,25.0,50.0,0.23297741991948187,17.363131959802892,0.7670225800805182,nan,0.0,25.0,1.0
0.8,1,True,3,0.291,33.33333333333333,55.55555555555556,0.3040838092616803,18.518518518518523,0.6959161907383197,nan,0.0,33.33333333333333,1.0
0.8,1,True,4,0.241,33.333333333333336,60.0,0.33672328086164044,18.518518518518523,0.6632767191383596,nan,0.0,33.333333333333336,1.0
0.8,1,True,5,0.198,36.23188405797102,61.904761904761905,0.34396734200181434,18.840579710144922,0.6560326579981857,nan,0.0,36.23188405797102,1.0
0.8,1,True,6,0.162,36.50793650793651,62.318840579710155,0.33435989036370917,19.393626184323857,0.6656401096362908,nan,0.0,36.50793650793651,1.0
0.8,1,False,2,0.363,-3.0303030303030276,0.0,0.23607741508601676,-3.703703703703698,0.7639225849139832,-800.0,0.26983623731804146,21.212121212121215,0.7301637626819585
0.8,1,False,3,0.297,-3.70370370370372,-3.70370370370372,0.286875589066918,-3.70370370370372,0.713124410933082,-300.0,0.332856469637808,23.188405797101442,0.667143530362192
0.8,1,False,4,0.239,-3.0303030303030276,-4.761904761904767,0.30207049286505233,-2.564102564102577,0.6979295071349476,-166.66666666666669,0.3678833336815494,23.076923076923073,0.6321166663184505
0.8,1,False,5,0.191,-3.2258064516129004,-3.70370370370372,0.28848722986247544,-3.1446540880503138,0.7115127701375246,-126.66666666666666,0.3858808120497708,20.88363207738894,0.6141191879502292
0.8,1,False,6,0.152,-3.0303030303030276,-3.70370370370372,0.2661332806532332,-2.857142857142847,0.7338667193467667,-100.0,0.3873633609903859,19.999999999999996,0.6126366390096141
0.85,1,True,2,0.342,24.32432432432432,50.0,0.23314057069423758,16.666666666666664,0.7668594293057625,nan,0.0,24.32432432432432,1.0
0.85,1,True,3,0.293,29.629629629629626,55.55555555555556,0.29813516234153997,17.647058823529417,0.70186483765846,nan,0.0,29.629629629629626,1.0
0.85,1,True,4,0.245,33.333333333333336,58.33333333333333,0.3358825453950597,18.518518518518523,0.6641174546049403,nan,0.0,33.333333333333336,1.0
0.85,1,True,5,0.203,34.84848484848485,61.904761904761905,0.34385722396386165,18.279569892473123,0.6561427760361384,nan,0.0,34.84848484848485,1.0
0.85,1,True,6,0.166,36.23188405797102,61.904761904761905,0.33841948757997176,17.333333333333336,0.6615805124200282,nan,0.0,36.23188405797102,1.0
0.85,1,False,2,0.364,-4.761904761904767,-6.666666666666665,0.23452317235511275,-4.761904761904767,0.7654768276448872,-833.3333333333334,0.268969492362798,19.999999999999996,0.731030507637202
0.85,1,False,3,0.301,-4.761904761904767,-11.111111111111116,0.28709511054916903,-3.5587639311043584,0.712904889450831,-300.0,0.3276547605183916,22.22222222222222,0.6723452394816084
0.85,1,False,4,0.241,-4.166666666666674,-6.666666666666665,0.30016377469577293,-3.5679214402618564,0.6998362253042271,-179.99999999999997,0.36084333602836,21.568627450980394,0.6391566639716401
0.85,1,False,5,0.193,-3.1746031746031855,-6.666666666666665,0.28947708532582006,-2.564102564102577,0.7105229146741799,-126.66666666666666,0.37700002584847625,21.212121212121215,0.6229999741515237
0.85,1,False,6,0.157,-3.3333333333333437,-3.70370370370372,0.2670949685134533,-3.300653594771241,0.7329050314865466,-100.0,0.3805419502576172,19.248826291079812,0.6194580497423828
0.9,1,True,2,0.347,24.6376811594203,50.0,0.2289852151505118,16.666666666666664,0.7710147848494883,nan,0.0,24.6376811594203,1.0
0.9,1,True,3,0.296,29.166666666666664,55.55555555555556,0.29758948630889037,17.17171717171717,0.7024105136911096,nan,0.0,29.166666666666664,1.0
0.9,1,True,4,0.249,33.33333333333333,60.0,0.32526222722340553,16.666666666666664,0.6747377727765944,nan,0.0,33.33333333333333,1.0
0.9,1,True,5,0.206,33.333333333333336,60.0,0.34551511172708926,16.666666666666664,0.6544848882729107,nan,0.0,33.333333333333336,1.0
0.9,1,True,6,0.171,33.333333333333336,61.904761904761905,0.3369974050208473,16.475095785440608,0.6630025949791527,nan,0.0,33.333333333333336,1.0
0.9,1,False,2,0.366,-3.70370370370372,-4.761904761904767,0.23312891814742479,-3.4482758620689724,0.7668710818525752,-844.4444444444445,0.26116885422784325,19.999999999999996,0.7388311457721567
0.9,1,False,3,0.305,-3.70370370370372,0.0,0.28565338580095095,-3.70370370370372,0.714346614199049,-300.0,0.3163141498606329,21.212121212121215,0.6836858501393671
0.9,1,False,4,0.246,-3.703703703703698,-3.70370370370372,0.2963737088820796,-3.6375661375661394,0.7036262911179204,-166.66666666666669,0.35063617362365307,19.999999999999996,0.6493638263763469
0.9,1,False,5,0.201,-3.70370370370372,-3.70370370370372,0.28631138975966564,-3.7689393939393967,0.7136886102403344,-133.33333333333334,0.36639796984624573,19.576719576719583,0.6336020301537543
0.9,1,False,6,0.163,-3.70370370370372,-3.70370370370372,0.2676207403775435,-3.70370370370372,0.7323792596224565,-100.0,0.3663275312576612,17.460317460317466,0.6336724687423388
0.95,1,True,2,0.347,23.809523809523814,50.0,0.2313185227928448,16.475095785440608,0.7686814772071552,nan,0.0,23.809523809523814,1.0
0.95,1,True,3,0.296,29.52380952380952,55.55555555555556,0.2970936127069956,16.666666666666664,0.7029063872930044,nan,0.0,29.52380952380952,1.0
0.95,1,True,4,0.249,33.33333333333333,58.97435897435898,0.32411575562700967,16.666666666666664,0.6758842443729903,nan,0.0,33.33333333333333,1.0
0.95,1,True,5,0.207,33.333333333333336,61.111111111111114,0.3370531948227241,16.31205673758864,0.6629468051772759,nan,0.0,33.333333333333336,1.0
0.95,1,True,6,0.172,33.333333333333336,61.40350877192983,0.33154194747850335,16.666666666666664,0.6684580525214966,nan,0.0,33.333333333333336,1.0
0.95,1,False,2,0.367,-3.2258064516129004,-6.666666666666665,0.2304976623093385,-3.0303030303030276,0.7695023376906615,-922.2222222222223,0.25715960361490126,19.999999999999996,0.7428403963850988
0.95,1,False,3,0.304,-2.564102564102577,-4.761904761904767,0.283720242009733,-2.564102564102577,0.716279757990267,-300.0,0.3097461528344075,21.38027809669601,0.6902538471655926
0.95,1,False,4,0.247,-2.77777777777779,-2.564102564102577,0.29548585784909637,-2.8304405874499228,0.7045141421509037,-166.66666666666669,0.3399181457168328,20.833333333333336,0.6600818542831672
0.95,1,False,5,0.200,-2.564102564102577,-4.761904761904767,0.29080675422138835,-2.353266888150618,0.7091932457786116,-133.33333333333334,0.35867417135709817,19.696969696969692,0.6413258286429018
0.95,1,False,6,0.164,-2.2222222222222143,-3.70370370370372,0.2685947891878699,-1.9237883832778357,0.7314052108121301,-108.33333333333334,0.3615229727256086,19.047619047619047,0.6384770272743914
0.99,1,True,2,0.347,25.0,51.515151515151516,0.2342660365396807,16.666666666666664,0.7657339634603193,nan,0.0,25.0,1.0
0.99,1,True,3,0.295,29.411764705882348,55.55555555555556,0.2954838272190954,16.666666666666664,0.7045161727809046,nan,0.0,29.411764705882348,1.0
0.99,1,True,4,0.249,33.33333333333333,58.33333333333333,0.3268902328758866,16.666666666666664,0.6731097671241134,nan,0.0,33.33333333333333,1.0
0.99,1,True,5,0.206,33.333333333333336,61.111111111111114,0.332072910606942,16.666666666666664,0.667927089393058,nan,0.0,33.333333333333336,1.0
0.99,1,True,6,0.173,33.333333333333336,61.111111111111114,0.33730101406985813,16.666666666666664,0.6626989859301419,nan,0.0,33.333333333333336,1.0
0.99,1,False,2,0.367,-4.166666666666674,-6.666666666666665,0.23065914295060516,-3.70370370370372,0.7693408570493948,-900.0,0.26049503870897395,19.298245614035082,0.739504961291026
0.99,1,False,3,0.304,-4.0000000000000036,-6.666666666666665,0.2839121914266423,-3.703703703703698,0.7160878085733577,-316.6666666666667,0.3118093638324852,21.693121693121686,0.6881906361675147
0.99,1,False,4,0.248,-3.3333333333333437,-6.666666666666665,0.2935851947423595,-2.564102564102577,0.7064148052576406,-166.66666666666669,0.3440045157648577,19.999999999999996,0.6559954842351423
0.99,1,False,5,0.201,-2.77777777777779,0.0,0.2869666716336363,-2.824858757062132,0.7130333283663637,-133.33333333333334,0.35893806188844185,19.999999999999996,0.6410619381115581
0.99,1,False,6,0.165,-4.166666666666674,-3.70370370370372,0.2634991818677656,-4.166666666666674,0.7365008181322344,-111.11111111111111,0.35785709956972306,17.948717948717952,0.642142900430277
1.0,1,True,2,0.368,19.999999999999996,46.666666666666664,0.23243838147775756,12.5,0.7675616185222425,nan,0.0,19.999999999999996,1.0
1.0,1,True,3,0.320,25.49019607843137,50.0,0.3083619881212879,13.333333333333341,0.6916380118787121,nan,0.0,25.49019607843137,1.0
1.0,1,True,4,0.273,27.77777777777778,53.333333333333336,0.34914085566008324,12.82051282051282,0.6508591443399168,nan,0.0,27.77777777777778,1.0
1.0,1,True,5,0.233,30.15873015873016,54.385964912280706,0.3692624621789232,12.962962962962965,0.6307375378210768,nan,0.0,30.15873015873016,1.0
1.0,1,True,6,0.196,31.652661064425768,55.55555555555556,0.37220304308911906,13.725490196078438,0.627796956910881,nan,0.0,31.652661064425768,1.0
1.0,1,False,2,0.389,-4.504504504504503,-6.666666666666665,0.23653648509763617,-3.70370370370372,0.7634635149023639,-833.3333333333334,0.2243191161356629,16.666666666666664,0.7756808838643371
1.0,1,False,3,0.331,-3.703703703703709,-4.464285714285721,0.3010486234927926,-3.3333333333333437,0.6989513765072074,-300.0,0.28111873319029346,18.518518518518523,0.7188812668097065
1.0,1,False,4,0.276,-3.70370370370372,-5.555555555555558,0.3255063371471052,-3.2258064516129004,0.6744936628528948,-183.33333333333334,0.31819912603579265,18.518518518518523,0.6818008739642074
1.0,1,False,5,0.227,-4.166666666666674,-8.333333333333325,0.3250577240241891,-3.0303030303030276,0.6749422759758109,-133.33333333333334,0.34194612424409015,17.948717948717952,0.6580538757559098
1.0,1,False,6,0.188,-2.2222222222222365,-2.2222222222222365,0.3198114212657149,-2.2222222222222365,0.6801885787342851,-100.0,0.344981887918176,17.647058823529417,0.655018112081824
