sweep,sensitivity,FAR,eligibility_variant,cohort_strategy,includes_25_day_rule,n_total,n_eligible,n_currently_eligible,n_selected_failing_current_eligibility,n_valid_MPC,n_zero_baseline,n_undefined_MPC,MPC_valid_fraction_of_selected,reference_offset_monthly,eligibility_fraction,eligibility_ci_lo,eligibility_ci_hi,n_observed_RTM,observed_RTM_fraction,observed_RTM_ci_lo,observed_RTM_ci_hi,MPC_median,MPC_ci_lo,MPC_ci_hi,median_sampled_monthly_frequency_eligible,median_effective_long_term_frequency_eligible,median_detector_specific_long_term_frequency_eligible,mean_baseline_frequency_eligible,mean_test_frequency_eligible,median_baseline_frequency_eligible,median_test_frequency_eligible,mean_baseline_excess_over_detector_long_term_eligible,mean_test_excess_over_detector_long_term_eligible
sensitivity,0.1,0.0,Primary monthly criteria,Reselected at each detector condition,False,100000,2180,2180,0,2180,0,0,1.0,0.0,0.0218,0.02091311347805836,0.022723624822816063,1404,0.6440366972477064,0.6237002649727709,0.6638663976452789,48.14814814814814,45.833333333333336,50.0,31.626924019899405,39.236111111111114,3.9236111111111116,7.5256880733944955,4.681498470948012,6.0,3.6666666666666665,2.731787716615698,-0.11240188583078517
sensitivity,0.1,0.0,Perfect-detector monthly criteria held fixed,Fixed perfect-detector cohort,False,100000,35393,2180,33213,29211,6182,6182,0.8253326929053768,0.0,0.35393,0.35097187849702915,0.356899343509681,10380,0.2932783318735343,0.2885579656154348,0.2980435672636087,33.333333333333336,33.333333333333336,33.333333333333336,8.752590654200395,8.416666666666666,0.8416666666666667,1.5963043539682988,1.4550052270222926,1.0,1.0,0.13137626084253942,-0.009922866103466882
sensitivity,0.2,0.0,Primary monthly criteria,Reselected at each detector condition,False,100000,5955,5955,0,5955,0,0,1.0,0.0,0.05955,0.058100097173652596,0.06103374093722182,3142,0.5276238455079765,0.5149302835847446,0.5402817911572325,37.634408602150536,35.802469135802475,38.88888888888889,22.060989369576657,26.694444444444443,5.338888888888889,9.474223341729639,6.852392947103275,7.0,5.0,2.51007183505924,-0.11175855956712416
sensitivity,0.2,0.0,Perfect-detector monthly criteria held fixed,Fixed perfect-detector cohort,False,100000,35393,5955,29438,33813,1580,1580,0.9553584042042211,0.0,0.35393,0.35097187849702915,0.356899343509681,10990,0.31051337835165144,0.30571365579802134,0.3153542291542516,16.666666666666664,14.28571428571429,16.666666666666664,8.752590654200395,8.416666666666666,1.6833333333333333,3.19051789901958,2.908211604931295,2.0,1.6666666666666667,0.2606617127680613,-0.021644581320223566
sensitivity,0.3,0.0,Primary monthly criteria,Reselected at each detector condition,False,100000,9824,9824,0,9824,0,0,1.0,0.0,0.09824,0.09641065274206481,0.10010021296215793,4761,0.48462947882736157,0.4747548757920795,0.4945160977716068,33.33333333333333,30.555555555555546,33.333333333333336,17.920735577612227,21.36111111111111,6.408333333333333,10.834843241042345,8.509941639522259,8.0,6.0,2.2357101655808904,-0.08919143593919623
sensitivity,0.3,0.0,Perfect-detector monthly criteria held fixed,Fixed perfect-detector cohort,False,100000,35393,9824,25569,34980,413,413,0.9883310259090781,0.0,0.35393,0.35097187849702915,0.356899343509681,11588,0.3274093747351171,0.32253944352792774,0.3323167668994128,12.280701754385959,11.111111111111116,14.28571428571429,8.752590654200395,8.416666666666666,2.525,4.791314666742011,4.365420657568822,2.5,2.3333333333333335,0.3965303873647333,-0.029363621808455385
sensitivity,0.4,0.0,Primary monthly criteria,Reselected at each detector condition,False,100000,13845,13845,0,13845,0,0,1.0,0.0,0.13845,0.13632328780358965,0.1406044887181191,6456,0.46630552546045506,0.45800635928736183,0.47462338430712886,27.536231884057973,26.66666666666667,28.57142857142857,15.217402426942737,17.916666666666668,7.166666666666668,11.827735644637054,9.697026604068856,8.0,6.333333333333333,2.0488728381686125,-0.0818362023995832
sensitivity,0.4,0.0,Perfect-detector monthly criteria held fixed,Fixed perfect-detector cohort,False,100000,35393,13845,21548,35291,102,102,0.9971180741954624,0.0,0.35393,0.35097187849702915,0.356899343509681,11959,0.33789167349475885,0.3329818203776943,0.34283671237615143,13.475177304964546,11.711711711711715,14.28571428571429,8.752590654200395,8.416666666666666,3.3666666666666667,6.391094284180488,5.8260484653274185,3.5,3.3333333333333335,0.5313819116774501,-0.033663907175618846
sensitivity,0.5,0.0,Primary monthly criteria,Reselected at each detector condition,False,100000,17865,17865,0,17865,0,0,1.0,0.0,0.17865,0.17628817707229075,0.1810365110351664,7949,0.44494822278197593,0.43767350779735253,0.45224660792290766,25.0,24.63768115942029,25.92592592592592,13.211442973139933,15.166666666666666,7.583333333333333,12.595549958018472,10.626681593432222,8.0,6.666666666666667,1.878634511925864,-0.09023385266038499
sensitivity,0.5,0.0,Perfect-detector monthly criteria held fixed,Fixed perfect-detector cohort,False,100000,35393,17865,17528,35377,16,16,0.9995479332071313,0.0,0.35393,0.35097187849702915,0.356899343509681,12227,0.34546379227530866,0.340526786638603,0.3504343401408582,13.333333333333341,11.627906976744185,14.28571428571429,8.752590654200395,8.416666666666666,4.208333333333333,7.983880993416777,7.284218159899792,4.5,4.0,0.6592405277879807,-0.04042230572900479
sensitivity,0.6,0.0,Primary monthly criteria,Reselected at each detector condition,False,100000,21790,21790,0,21790,0,0,1.0,0.0,0.2179,0.21535223040549553,0.22046944227262386,9287,0.42620468104635156,0.41965216046755544,0.43278321646786894,21.212121212121215,20.833333333333336,22.22222222222222,11.736746936565968,13.194444444444445,7.916666666666666,13.304015603487839,11.513308857273978,8.0,7.0,1.7145181275814596,-0.07618861863239978
sensitivity,0.6,0.0,Perfect-detector monthly criteria held fixed,Fixed perfect-detector cohort,False,100000,35393,21790,13603,35390,3,3,0.9999152374763371,0.0,0.35393,0.35097187849702915,0.356899343509681,12490,0.352894640183087,0.3479323388582617,0.3578888708642477,13.333333333333341,12.0,14.074074074074083,8.752590654200395,8.416666666666666,5.05,9.576187381685644,8.741455466711873,5.5,5.0,0.7866188229310883,-0.048113092042682326
sensitivity,0.7,0.0,Primary monthly criteria,Reselected at each detector condition,False,100000,25546,25546,0,25546,0,0,1.0,0.0,0.25546,0.2527663823533463,0.2581724047317559,10454,0.40922257887731933,0.4032072058391106,0.41526524897141426,19.047619047619047,18.518518518518523,19.999999999999996,10.646989848223807,11.583333333333334,8.108333333333333,13.968781805370703,12.303126386387955,8.0,7.0,1.591567825360788,-0.0740875936219622
sensitivity,0.7,0.0,Perfect-detector monthly criteria held fixed,Fixed perfect-detector cohort,False,100000,35393,25546,9847,35393,0,0,1.0,0.0,0.35393,0.35097187849702915,0.356899343509681,12701,0.3588562710140423,0.3538746290193715,0.3638685483874845,13.333333333333341,12.82051282051282,14.28571428571429,8.752590654200395,8.416666666666666,5.891666666666666,11.170245528776876,10.20222454534324,6.0,5.666666666666667,0.915748876896562,-0.05227210653707354
sensitivity,0.8,0.0,Primary monthly criteria,Reselected at each detector condition,False,100000,29093,29093,0,29093,0,0,1.0,0.0,0.29093,0.2881230185398564,0.29375304351903925,11437,0.3931186195992163,0.3875204384901029,0.3987450223572044,16.666666666666664,16.666666666666664,17.730496453900713,9.83980825025989,10.13888888888889,8.111111111111112,14.628690750352318,13.06979914985277,8.5,7.333333333333333,1.4789212372582936,-0.07997036324125385
sensitivity,0.8,0.0,Perfect-detector monthly criteria held fixed,Fixed perfect-detector cohort,False,100000,35393,29093,6300,35393,0,0,1.0,0.0,0.35393,0.35097187849702915,0.356899343509681,12868,0.36357471816460885,0.3585783636480386,0.36860068391657047,13.888888888888884,13.333333333333341,14.28571428571429,8.752590654200395,8.416666666666666,6.733333333333333,12.768796089622242,11.656476327710752,7.0,6.666666666666667,1.0493713446161665,-0.06294841729532268
sensitivity,0.9,0.0,Primary monthly criteria,Reselected at each detector condition,False,100000,32350,32350,0,32350,0,0,1.0,0.0,0.3235,0.3206073542425294,0.3264062055862125,12378,0.3826275115919629,0.37734544236685086,0.3879374527210325,15.555555555555555,15.151515151515149,16.666666666666664,9.222649070871338,9.027777777777779,8.125000000000002,15.292859350850078,13.82225656877898,8.5,7.666666666666667,1.3893068006182376,-0.0812959814528597
sensitivity,0.9,0.0,Perfect-detector monthly criteria held fixed,Fixed perfect-detector cohort,False,100000,35393,32350,3043,35393,0,0,1.0,0.0,0.35393,0.35097187849702915,0.356899343509681,13046,0.3686039612352725,0.3635924985007686,0.3736439436032418,13.777777777777766,13.333333333333341,14.28571428571429,8.752590654200395,8.416666666666666,7.574999999999999,14.363715989037381,13.11467427645768,8.0,7.333333333333333,1.179363150905546,-0.06967856167415434
sensitivity,1.0,0.0,Primary monthly criteria,Reselected at each detector condition,False,100000,35393,35393,0,35393,0,0,1.0,0.0,0.35393,0.35097187849702915,0.356899343509681,13170,0.3721074788800045,0.3670858383049689,0.3771568786467143,14.28571428571429,13.333333333333341,14.814814814814813,8.752590654200395,8.416666666666666,8.416666666666666,15.965529907043766,14.567927744657608,8.5,8.0,1.3162489757861724,-0.0813531865999868
sensitivity,1.0,0.0,Perfect-detector monthly criteria held fixed,Fixed perfect-detector cohort,False,100000,35393,35393,0,35393,0,0,1.0,0.0,0.35393,0.35097187849702915,0.356899343509681,13170,0.3721074788800045,0.3670858383049689,0.3771568786467143,14.28571428571429,13.333333333333341,14.814814814814813,8.752590654200395,8.416666666666666,8.416666666666666,15.965529907043766,14.567927744657608,8.5,8.0,1.3162489757861724,-0.0813531865999868
FAR,1.0,0.0,Primary monthly criteria,Reselected at each detector condition,False,100000,35393,35393,0,35393,0,0,1.0,0.0,0.35393,0.35097187849702915,0.356899343509681,13170,0.3721074788800045,0.3670858383049689,0.3771568786467143,14.28571428571429,13.333333333333341,14.814814814814813,8.752590654200395,8.416666666666666,8.416666666666666,15.965529907043766,14.567927744657608,8.5,8.0,1.3162489757861724,-0.0813531865999868
FAR,1.0,0.0,Perfect-detector monthly criteria held fixed,Fixed perfect-detector cohort,False,100000,35393,35393,0,35393,0,0,1.0,0.0,0.35393,0.35097187849702915,0.356899343509681,13170,0.3721074788800045,0.3670858383049689,0.3771568786467143,14.28571428571429,13.333333333333341,14.814814814814813,8.752590654200395,8.416666666666666,8.416666666666666,15.965529907043766,14.567927744657608,8.5,8.0,1.3162489757861724,-0.0813531865999868
FAR,1.0,0.1,Primary monthly criteria,Reselected at each detector condition,False,100000,35453,35453,0,35453,0,0,1.0,0.0,0.35453,0.35157072210923973,0.3575004538017353,14467,0.40806137703438355,0.40295569781640367,0.4131869778482881,17.948717948717952,17.09401709401709,18.518518518518523,8.639890218992017,8.305555555555555,8.305555555555555,16.070290243420867,14.418300284884213,9.0,8.0,1.63064479733732,-0.02134516119933432
FAR,1.0,0.1,Perfect-detector monthly criteria held fixed,Fixed perfect-detector cohort,False,100000,35393,35453,4528,35393,0,0,1.0,0.0,0.35393,0.35097187849702915,0.356899343509681,12633,0.35693498714435057,0.3519594861277868,0.3619415405561518,12.684365781710916,11.711711711711715,13.333333333333341,8.752590654200395,8.416666666666666,8.416666666666666,15.959949707569294,14.604375629832644,9.0,8.333333333333334,1.3106687763117,-0.04490530142495217
FAR,1.0,0.2,Primary monthly criteria,Reselected at each detector condition,False,100000,35551,35551,0,35551,0,0,1.0,0.0,0.35551,0.35254884429760686,0.3584822563236674,15616,0.43925627971083797,0.43410414270994,0.444421542603487,21.212121212121215,20.63492063492063,21.95121951219512,8.51700041704865,8.166666666666666,8.166666666666666,16.109631234001856,14.247419200585075,9.0,8.0,1.8972485537209454,0.03503652030416397
FAR,1.0,0.2,Perfect-detector monthly criteria held fixed,Fixed perfect-detector cohort,False,100000,35393,35551,6231,35383,10,10,0.9997174582544571,0.0,0.35393,0.35097187849702915,0.356899343509681,12456,0.3519339982482412,0.34697489251960467,0.35692524184144603,11.475409836065575,11.111111111111116,12.5,8.752590654200395,8.416666666666666,8.416666666666666,15.962323058231854,14.647171286224207,9.0,8.333333333333334,1.3130421269742605,-0.0021096450333870182
FAR,1.0,0.3,Primary monthly criteria,Reselected at each detector condition,False,100000,35437,35437,0,35437,0,0,1.0,0.0,0.35437,0.3514110299808688,0.35734015822230225,16252,0.4586167000592601,0.45343350058339094,0.4638088706676442,23.809523809523814,23.076923076923073,24.6376811594203,8.39865946835112,8.027777777777779,8.027777777777779,16.225287129271667,14.14736951021061,9.0,8.0,2.1799272888036048,0.1020096697425478
FAR,1.0,0.3,Perfect-detector monthly criteria held fixed,Fixed perfect-detector cohort,False,100000,35393,35437,7389,35343,50,50,0.9985872912722855,0.0,0.35393,0.35097187849702915,0.356899343509681,12272,0.34673523013025176,0.34179380205623966,0.35170992446632876,11.111111111111116,11.111111111111105,11.904761904761896,8.752590654200395,8.416666666666666,8.416666666666666,15.977919362585823,14.691652775030843,9.0,8.333333333333334,1.3286384313282287,0.042371843773250845
FAR,1.0,0.4,Primary monthly criteria,Reselected at each detector condition,False,100000,35512,35512,0,35512,0,0,1.0,0.0,0.35512,0.3521595899632389,0.3580915406202632,17045,0.4799785987835098,0.4747848902287489,0.4851766384415275,25.71428571428571,25.0,26.190476190476186,8.273565886752431,7.861111111111111,7.861111111111111,16.29996902455508,14.061575429901628,9.5,7.666666666666667,2.4301769667843107,0.1917833721308603
FAR,1.0,0.4,Perfect-detector monthly criteria held fixed,Fixed perfect-detector cohort,False,100000,35393,35512,8248,35300,93,93,0.9973723617664509,0.0,0.35393,0.35097187849702915,0.356899343509681,12300,0.34752634701777185,0.34258218691917125,0.3525036016657748,11.111111111111105,9.909909909909908,11.111111111111116,8.752590654200395,8.416666666666666,8.416666666666666,16.004068601135817,14.737245594703285,9.5,8.666666666666666,1.3547876698782244,0.08796466344569077
FAR,1.0,0.5,Primary monthly criteria,Reselected at each detector condition,False,100000,35508,35508,0,35508,0,0,1.0,0.0,0.35508,0.3521196665633229,0.35805146709322827,17538,0.49391686380533967,0.48871756956243667,0.49911747412289437,27.27272727272727,26.66666666666667,27.77777777777778,8.187957632359142,7.777777777777778,7.777777777777778,16.416708910668017,14.02252074649844,9.5,7.666666666666667,2.6608729801108986,0.26668481594132154
FAR,1.0,0.5,Perfect-detector monthly criteria held fixed,Fixed perfect-detector cohort,False,100000,35393,35508,8956,35223,170,170,0.9951967903257707,0.0,0.35393,0.35097187849702915,0.356899343509681,12217,0.3451812505297658,0.3402452329700584,0.35015087164426806,11.111111111111105,9.999999999999998,11.111111111111116,8.752590654200395,8.416666666666666,8.416666666666666,16.03853869409205,14.781755337684475,9.5,8.666666666666666,1.389257762834459,0.13247440642688293
FAR,1.0,0.6,Primary monthly criteria,Reselected at each detector condition,False,100000,35462,35462,0,35462,0,0,1.0,0.0,0.35462,0.35166054909068356,0.3575906199059311,17998,0.5075291861711128,0.5023252520944944,0.5127314892102347,28.205128205128204,27.61904761904762,28.735632183908045,8.079220927948306,7.666666666666667,7.666666666666667,16.514832778749085,13.970954824882973,9.5,7.666666666666667,2.876137367698757,0.3322594138326471
FAR,1.0,0.6,Perfect-detector monthly criteria held fixed,Fixed perfect-detector cohort,False,100000,35393,35462,9559,35156,237,237,0.9933037606306332,0.0,0.35393,0.35097187849702915,0.356899343509681,12278,0.34690475517757746,0.3419627403978396,0.35187999942380965,11.111111111111116,9.999999999999998,11.515151515151523,8.752590654200395,8.416666666666666,8.416666666666666,16.077190404882323,14.829862778892249,9.5,8.666666666666666,1.427909473624728,0.18058184763465468
FAR,1.0,0.7,Primary monthly criteria,Reselected at each detector condition,False,100000,35372,35372,0,35372,0,0,1.0,0.0,0.35372,0.3507622844376016,0.3566889537026158,18258,0.5161709826981794,0.5109616284101346,0.5213768249756789,28.888888888888896,28.205128205128204,29.52380952380952,8.008763199099164,7.583333333333333,7.583333333333333,16.638753816578085,13.970230690941989,10.0,7.666666666666667,3.0790769849347255,0.4105538592986292
FAR,1.0,0.7,Perfect-detector monthly criteria held fixed,Fixed perfect-detector cohort,False,100000,35393,35372,10085,35050,343,343,0.9903088181278784,0.0,0.35393,0.35097187849702915,0.356899343509681,12295,0.3473850761450004,0.3424414028002104,0.3523618747021683,11.111111111111116,9.999999999999998,11.627906976744185,8.752590654200395,8.416666666666666,8.416666666666666,16.112621139773402,14.87134932519613,9.5,8.666666666666666,1.4633402085158083,0.22206839393853775
FAR,1.0,0.8,Primary monthly criteria,Reselected at each detector condition,False,100000,35321,35321,0,35321,0,0,1.0,0.0,0.35321,0.350253272896411,0.35617800442518127,18422,0.5215594122476713,0.5163478330248001,0.526766302442033,29.6969696969697,29.166666666666664,30.434782608695656,7.937736902545781,7.527777777777778,7.527777777777778,16.76509725092721,13.975019582307032,10.0,7.666666666666667,3.2549199563369604,0.46484228771678165
FAR,1.0,0.8,Perfect-detector monthly criteria held fixed,Fixed perfect-detector cohort,False,100000,35393,35321,10480,34986,407,407,0.9885005509564038,0.0,0.35393,0.35097187849702915,0.356899343509681,12233,0.3456333173226344,0.3406957197678132,0.350604420310729,11.111111111111105,9.80392156862745,11.111111111111116,8.752590654200395,8.416666666666666,8.416666666666666,16.151046817167238,14.916725529530323,10.0,9.0,1.5017658859096432,0.26744459827272815
FAR,1.0,0.9,Primary monthly criteria,Reselected at each detector condition,False,100000,35224,35224,0,35224,0,0,1.0,0.0,0.35224,0.3492851630945293,0.3552061887485013,18731,0.5317681126504656,0.5265539395889938,0.5369753573341827,30.434782608695656,29.629629629629626,31.29770992366412,7.8539974461354545,7.444444444444445,7.444444444444445,16.886611401317285,13.966367628132335,10.0,7.666666666666667,3.4540859136447373,0.5338421404597875
FAR,1.0,0.9,Perfect-detector monthly criteria held fixed,Fixed perfect-detector cohort,False,100000,35393,35224,10950,34906,487,487,0.9862402169920605,0.0,0.35393,0.35097187849702915,0.356899343509681,12288,0.3471872969231204,0.3422443058425381,0.3521634561442461,10.63829787234043,9.523809523809524,11.111111111111116,8.752590654200395,8.416666666666666,8.416666666666666,16.182338315486113,14.969278294201304,10.0,9.0,1.5330573842285198,0.31999736294370823
FAR,1.0,1.0,Primary monthly criteria,Reselected at each detector condition,False,100000,35134,35134,0,35134,0,0,1.0,0.0,0.35134,0.3483869288489487,0.3543044921376846,18845,0.5363750213468436,0.5311569565512897,0.5415851327143664,31.182795698924735,30.434782608695656,33.33333333333333,7.806436828291843,7.388888888888889,7.388888888888889,16.99090624466329,13.988074230090511,10.5,8.0,3.601032238477448,0.5982002239046698
FAR,1.0,1.0,Perfect-detector monthly criteria held fixed,Fixed perfect-detector cohort,False,100000,35393,35134,11351,34855,538,538,0.9847992540897917,0.0,0.35393,0.35097187849702915,0.356899343509681,12290,0.347243805272229,0.3423006191627032,0.352220147257108,10.427350427350435,9.523809523809524,11.111111111111116,8.752590654200395,8.416666666666666,8.416666666666666,16.219407792501343,15.01561514047034,10.0,9.0,1.5701268612437487,0.36633420921274457
