sweep,sensitivity,FAR,eligibility_variant,cohort_strategy,includes_25_day_rule,n_total,n_eligible,n_currently_eligible,n_selected_failing_current_eligibility,n_valid_MPC,n_zero_baseline,n_undefined_MPC,MPC_valid_fraction_of_selected,reference_offset_monthly,eligibility_fraction,eligibility_ci_lo,eligibility_ci_hi,n_observed_RTM,observed_RTM_fraction,observed_RTM_ci_lo,observed_RTM_ci_hi,MPC_median,MPC_ci_lo,MPC_ci_hi,median_sampled_monthly_frequency_eligible,median_effective_long_term_frequency_eligible,median_detector_specific_long_term_frequency_eligible,mean_baseline_frequency_eligible,mean_test_frequency_eligible,median_baseline_frequency_eligible,median_test_frequency_eligible,mean_baseline_excess_over_detector_long_term_eligible,mean_test_excess_over_detector_long_term_eligible,correction_strategy
FAR,1.0,0.0,Primary monthly criteria,Reselected at each detector condition,False,100000,35393,35393,0,35393,0,0,1.0,0.0,0.35393,0.35097187849702915,0.356899343509681,13170,0.3721074788800045,0.3670858383049689,0.3771568786467143,14.28571428571429,13.333333333333341,14.814814814814813,8.752590654200395,8.416666666666666,8.416666666666666,15.965529907043766,14.567927744657608,8.5,8.0,1.3162489757861724,-0.0813531865999868,Expected monthly correction; 25-day rule omitted
FAR,1.0,0.0,Original 25-day rule retained,Reselected at each detector condition,True,100000,33109,33109,0,33109,0,0,1.0,0.0,0.33109,0.3281797484746924,0.33401322824300045,12637,0.3816786976350841,0.3764599460463612,0.3869249024045443,15.151515151515149,14.28571428571429,15.646258503401356,8.59032856929194,8.25,8.25,16.060738771935124,14.387125353629928,8.5,8.0,1.5915091901832668,-0.08210422812192723,Expected monthly correction + original daily rounding
FAR,1.0,0.0,25-day rule on observed days,Reselected at each detector condition,True,100000,33109,33109,0,33109,0,0,1.0,0.0,0.33109,0.3281797484746924,0.33401322824300045,12637,0.3816786976350841,0.3764599460463612,0.3869249024045443,15.151515151515149,14.28571428571429,15.646258503401356,8.59032856929194,8.25,8.25,16.060738771935124,14.387125353629928,8.5,8.0,1.5915091901832668,-0.08210422812192723,Expected monthly correction + observed daily intervals
FAR,1.0,0.0,25-day rule on latent true days,Reselected at each detector condition,True,100000,33109,33109,0,33109,0,0,1.0,0.0,0.33109,0.3281797484746924,0.33401322824300045,12637,0.3816786976350841,0.3764599460463612,0.3869249024045443,15.151515151515149,14.28571428571429,15.646258503401356,8.59032856929194,8.25,8.25,16.060738771935124,14.387125353629928,8.5,8.0,1.5915091901832668,-0.08210422812192723,Expected monthly correction + oracle daily intervals
FAR,1.0,0.0,Monthly criteria without FAR correction,Reselected at each detector condition,False,100000,35393,35393,0,35393,0,0,1.0,0.0,0.35393,0.35097187849702915,0.356899343509681,13170,0.3721074788800045,0.3670858383049689,0.3771568786467143,14.28571428571429,13.333333333333341,14.814814814814813,8.752590654200395,8.416666666666666,8.416666666666666,15.965529907043766,14.567927744657608,8.5,8.0,1.3162489757861724,-0.0813531865999868,Uncorrected observed counts; 25-day rule omitted
FAR,1.0,0.0,Exact oracle false-alarm removal,Reselected at each detector condition,False,100000,35393,35393,0,35393,0,0,1.0,0.0,0.35393,0.35097187849702915,0.356899343509681,13170,0.3721074788800045,0.3670858383049689,0.3771568786467143,14.28571428571429,13.333333333333341,14.814814814814813,8.752590654200395,8.416666666666666,8.416666666666666,15.965529907043766,14.567927744657608,8.5,8.0,1.3162489757861724,-0.0813531865999868,Exact oracle false-alarm removal
FAR,1.0,0.1,Primary monthly criteria,Reselected at each detector condition,False,100000,35453,35453,0,35453,0,0,1.0,0.0,0.35453,0.35157072210923973,0.3575004538017353,14467,0.40806137703438355,0.40295569781640367,0.4131869778482881,17.948717948717952,17.09401709401709,18.518518518518523,8.639890218992017,8.305555555555555,8.305555555555555,16.070290243420867,14.418300284884213,9.0,8.0,1.63064479733732,-0.02134516119933432,Expected monthly correction; 25-day rule omitted
FAR,1.0,0.1,Original 25-day rule retained,Reselected at each detector condition,True,100000,35293,35293,0,35293,0,0,1.0,0.0,0.35293,0.3499738171488032,0.3558974816841321,14441,0.409174623863089,0.4040551284521065,0.4143138888584243,17.948717948717952,17.333333333333336,18.518518518518523,8.6175551306611,8.277777777777779,8.277777777777779,16.062491145552944,14.386507239395915,9.0,8.0,1.6578027748656483,-0.018181131291379767,Expected monthly correction + original daily rounding
FAR,1.0,0.1,25-day rule on observed days,Reselected at each detector condition,True,100000,35293,35293,0,35293,0,0,1.0,0.0,0.35293,0.3499738171488032,0.3558974816841321,14441,0.409174623863089,0.4040551284521065,0.4143138888584243,17.948717948717952,17.333333333333336,18.518518518518523,8.6175551306611,8.277777777777779,8.277777777777779,16.062491145552944,14.386507239395915,9.0,8.0,1.6578027748656483,-0.018181131291379767,Expected monthly correction + observed daily intervals
FAR,1.0,0.1,25-day rule on latent true days,Reselected at each detector condition,True,100000,31981,31981,0,31981,0,0,1.0,0.0,0.31981,0.31692622756151684,0.3227076157559959,13034,0.40755448547575124,0.40218048609301615,0.4129506907298306,17.948717948717952,17.320261437908503,18.518518518518523,8.684184211994419,8.36111111111111,8.36111111111111,16.546121134423565,14.588099183890435,9.0,8.0,1.9107421420357225,-0.047279808497406435,Expected monthly correction + oracle daily intervals
FAR,1.0,0.1,Monthly criteria without FAR correction,Reselected at each detector condition,False,100000,71017,71017,0,71017,0,0,1.0,3.0,0.71017,0.7073500623430864,0.7129737910891705,24487,0.3448047650562541,0.34131750550738665,0.3483088133699957,8.333333333333337,8.333333333333337,9.090909090909093,4.9753555796435815,4.472222222222222,7.472222222222222,12.537716321444162,11.91537237562837,7.5,7.333333333333333,0.5736208701202998,-0.048723075695490746,Uncorrected observed counts; 25-day rule omitted
FAR,1.0,0.1,Exact oracle false-alarm removal,Reselected at each detector condition,False,100000,35393,35393,0,35393,0,0,1.0,0.0,0.35393,0.35097187849702915,0.356899343509681,13170,0.3721074788800045,0.3670858383049689,0.3771568786467143,14.28571428571429,13.333333333333341,14.814814814814813,8.752590654200395,8.416666666666666,8.416666666666666,15.965529907043766,14.567927744657608,8.5,8.0,1.3162489757861724,-0.0813531865999868,Exact oracle false-alarm removal
FAR,1.0,0.2,Primary monthly criteria,Reselected at each detector condition,False,100000,35551,35551,0,35551,0,0,1.0,0.0,0.35551,0.35254884429760686,0.3584822563236674,15616,0.43925627971083797,0.43410414270994,0.444421542603487,21.212121212121215,20.63492063492063,21.95121951219512,8.51700041704865,8.166666666666666,8.166666666666666,16.109631234001856,14.247419200585075,9.0,8.0,1.8972485537209454,0.03503652030416397,Expected monthly correction; 25-day rule omitted
FAR,1.0,0.2,Original 25-day rule retained,Reselected at each detector condition,True,100000,35544,35544,0,35544,0,0,1.0,0.0,0.35544,0.3524789779767564,0.35841212802235367,15616,0.43934278640558183,0.4341900234791773,0.44450865911185705,21.212121212121215,20.63492063492063,21.95121951219512,8.516636936963298,8.166666666666666,8.166666666666666,16.110018568534773,14.247139695401007,9.0,8.0,1.900827925325731,0.03794905219196241,Expected monthly correction + original daily rounding
FAR,1.0,0.2,25-day rule on observed days,Reselected at each detector condition,True,100000,35544,35544,0,35544,0,0,1.0,0.0,0.35544,0.3524789779767564,0.35841212802235367,15616,0.43934278640558183,0.4341900234791773,0.44450865911185705,21.212121212121215,20.63492063492063,21.95121951219512,8.516636936963298,8.166666666666666,8.166666666666666,16.110018568534773,14.247139695401007,9.0,8.0,1.900827925325731,0.03794905219196241,Expected monthly correction + observed daily intervals
FAR,1.0,0.2,25-day rule on latent true days,Reselected at each detector condition,True,100000,30973,30973,0,30973,0,0,1.0,0.0,0.30973,0.30687153249075516,0.31260308523510727,13200,0.426177638588448,0.4206798046135054,0.4316937820841844,19.999999999999996,19.379844961240313,20.833333333333336,8.789960631539312,8.472222222222221,8.472222222222221,16.965147063571496,14.800697381590417,9.5,8.333333333333334,2.158481221996219,-0.005968459984861366,Expected monthly correction + oracle daily intervals
FAR,1.0,0.2,Monthly criteria without FAR correction,Reselected at each detector condition,False,100000,95741,95741,0,95741,0,0,1.0,6.0,0.95741,0.9561407724233627,0.958644086492984,26381,0.2755454820818667,0.2727244330540682,0.2783845421643511,1.1494252873563204,0.0,1.5873015873015817,3.5864955942883565,3.0277777777777777,9.027777777777779,13.217738481946084,13.023929142164798,9.5,9.333333333333334,0.15710673123902566,-0.03670260854225926,Uncorrected observed counts; 25-day rule omitted
FAR,1.0,0.2,Exact oracle false-alarm removal,Reselected at each detector condition,False,100000,35393,35393,0,35393,0,0,1.0,0.0,0.35393,0.35097187849702915,0.356899343509681,13170,0.3721074788800045,0.3670858383049689,0.3771568786467143,14.28571428571429,13.333333333333341,14.814814814814813,8.752590654200395,8.416666666666666,8.416666666666666,15.965529907043766,14.567927744657608,8.5,8.0,1.3162489757861724,-0.0813531865999868,Exact oracle false-alarm removal
FAR,1.0,0.3,Primary monthly criteria,Reselected at each detector condition,False,100000,35437,35437,0,35437,0,0,1.0,0.0,0.35437,0.3514110299808688,0.35734015822230225,16252,0.4586167000592601,0.45343350058339094,0.4638088706676442,23.809523809523814,23.076923076923073,24.6376811594203,8.39865946835112,8.027777777777779,8.027777777777779,16.225287129271667,14.14736951021061,9.0,8.0,2.1799272888036048,0.1020096697425478,Expected monthly correction; 25-day rule omitted
FAR,1.0,0.3,Original 25-day rule retained,Reselected at each detector condition,True,100000,35436,35436,0,35436,0,0,1.0,0.0,0.35436,0.35140104923487875,0.35733013973655453,16252,0.4586296421718027,0.45344635704243763,0.46382189588113043,23.809523809523814,23.076923076923073,24.6376811594203,8.39859055358503,8.027777777777779,8.027777777777779,16.2254628061858,14.147590021447115,9.0,8.0,2.180119715041828,0.10224693030314431,Expected monthly correction + original daily rounding
FAR,1.0,0.3,25-day rule on observed days,Reselected at each detector condition,True,100000,35436,35436,0,35436,0,0,1.0,0.0,0.35436,0.35140104923487875,0.35733013973655453,16252,0.4586296421718027,0.45344635704243763,0.46382189588113043,23.809523809523814,23.076923076923073,24.6376811594203,8.39859055358503,8.027777777777779,8.027777777777779,16.2254628061858,14.147590021447115,9.0,8.0,2.180119715041828,0.10224693030314431,Expected monthly correction + observed daily intervals
FAR,1.0,0.3,25-day rule on latent true days,Reselected at each detector condition,True,100000,30064,30064,0,30064,0,0,1.0,0.0,0.30064,0.2978057167454874,0.3034895993307618,13081,0.4351051091005854,0.4295096551687718,0.4407171449377816,21.212121212121215,20.833333333333336,22.22222222222222,8.874412965585456,8.583333333333334,8.583333333333334,17.395689196381053,15.014169771154869,10.0,8.666666666666666,2.4162277881260716,0.03470836289988764,Expected monthly correction + oracle daily intervals
FAR,1.0,0.3,Monthly criteria without FAR correction,Reselected at each detector condition,False,100000,99667,99667,0,99667,0,0,1.0,9.0,0.99667,0.9962933550015242,0.9970084877172226,26533,0.26621650094815735,0.26348161416767013,0.2689694084390434,0.0,0.0,0.0,3.413880807152098,2.861111111111111,11.86111111111111,15.875801418724352,15.804355169380703,12.0,12.0,0.038800873575673654,-0.03264537576797402,Uncorrected observed counts; 25-day rule omitted
FAR,1.0,0.3,Exact oracle false-alarm removal,Reselected at each detector condition,False,100000,35393,35393,0,35393,0,0,1.0,0.0,0.35393,0.35097187849702915,0.356899343509681,13170,0.3721074788800045,0.3670858383049689,0.3771568786467143,14.28571428571429,13.333333333333341,14.814814814814813,8.752590654200395,8.416666666666666,8.416666666666666,15.965529907043766,14.567927744657608,8.5,8.0,1.3162489757861724,-0.0813531865999868,Exact oracle false-alarm removal
FAR,1.0,0.4,Primary monthly criteria,Reselected at each detector condition,False,100000,35512,35512,0,35512,0,0,1.0,0.0,0.35512,0.3521595899632389,0.3580915406202632,17045,0.4799785987835098,0.4747848902287489,0.4851766384415275,25.71428571428571,25.0,26.190476190476186,8.273565886752431,7.861111111111111,7.861111111111111,16.29996902455508,14.061575429901628,9.5,7.666666666666667,2.4301769667843107,0.1917833721308603,Expected monthly correction; 25-day rule omitted
FAR,1.0,0.4,Original 25-day rule retained,Reselected at each detector condition,True,100000,35512,35512,0,35512,0,0,1.0,0.0,0.35512,0.3521595899632389,0.3580915406202632,17045,0.4799785987835098,0.4747848902287489,0.4851766384415275,25.71428571428571,25.0,26.190476190476186,8.273565886752431,7.861111111111111,7.861111111111111,16.29996902455508,14.061575429901628,9.5,7.666666666666667,2.4301769667843107,0.1917833721308603,Expected monthly correction + original daily rounding
FAR,1.0,0.4,25-day rule on observed days,Reselected at each detector condition,True,100000,35512,35512,0,35512,0,0,1.0,0.0,0.35512,0.3521595899632389,0.3580915406202632,17045,0.4799785987835098,0.4747848902287489,0.4851766384415275,25.71428571428571,25.0,26.190476190476186,8.273565886752431,7.861111111111111,7.861111111111111,16.29996902455508,14.061575429901628,9.5,7.666666666666667,2.4301769667843107,0.1917833721308603,Expected monthly correction + observed daily intervals
FAR,1.0,0.4,25-day rule on latent true days,Reselected at each detector condition,True,100000,29468,29468,0,29468,0,0,1.0,0.0,0.29468,0.2918622922534894,0.29751348170706177,13309,0.4516424596172119,0.4459671187576996,0.45733040664524677,23.076923076923073,22.22222222222222,23.809523809523814,8.907050196077897,8.61111111111111,8.61111111111111,17.695042079543914,15.163058232659155,10.0,8.666666666666666,2.6365728172179237,0.10458897033316746,Expected monthly correction + oracle daily intervals
FAR,1.0,0.4,Monthly criteria without FAR correction,Reselected at each detector condition,False,100000,99976,99976,0,99976,0,0,1.0,12.0,0.99976,0.9996428972381943,0.9998387080875166,26764,0.26770424901976475,0.2649686628638602,0.27045768586534014,0.0,0.0,0.0,3.401589787725321,2.8333333333333335,14.833333333333334,18.8505191245899,18.791509962390975,15.5,15.333333333333334,0.030834344687169356,-0.028174817511758404,Uncorrected observed counts; 25-day rule omitted
FAR,1.0,0.4,Exact oracle false-alarm removal,Reselected at each detector condition,False,100000,35393,35393,0,35393,0,0,1.0,0.0,0.35393,0.35097187849702915,0.356899343509681,13170,0.3721074788800045,0.3670858383049689,0.3771568786467143,14.28571428571429,13.333333333333341,14.814814814814813,8.752590654200395,8.416666666666666,8.416666666666666,15.965529907043766,14.567927744657608,8.5,8.0,1.3162489757861724,-0.0813531865999868,Exact oracle false-alarm removal
FAR,1.0,0.5,Primary monthly criteria,Reselected at each detector condition,False,100000,35508,35508,0,35508,0,0,1.0,0.0,0.35508,0.3521196665633229,0.35805146709322827,17538,0.49391686380533967,0.48871756956243667,0.49911747412289437,27.27272727272727,26.66666666666667,27.77777777777778,8.187957632359142,7.777777777777778,7.777777777777778,16.416708910668017,14.02252074649844,9.5,7.666666666666667,2.6608729801108986,0.26668481594132154,Expected monthly correction; 25-day rule omitted
FAR,1.0,0.5,Original 25-day rule retained,Reselected at each detector condition,True,100000,35508,35508,0,35508,0,0,1.0,0.0,0.35508,0.3521196665633229,0.35805146709322827,17538,0.49391686380533967,0.48871756956243667,0.49911747412289437,27.27272727272727,26.66666666666667,27.77777777777778,8.187957632359142,7.777777777777778,7.777777777777778,16.416708910668017,14.02252074649844,9.5,7.666666666666667,2.6608729801108986,0.26668481594132154,Expected monthly correction + original daily rounding
FAR,1.0,0.5,25-day rule on observed days,Reselected at each detector condition,True,100000,35508,35508,0,35508,0,0,1.0,0.0,0.35508,0.3521196665633229,0.35805146709322827,17538,0.49391686380533967,0.48871756956243667,0.49911747412289437,27.27272727272727,26.66666666666667,27.77777777777778,8.187957632359142,7.777777777777778,7.777777777777778,16.416708910668017,14.02252074649844,9.5,7.666666666666667,2.6608729801108986,0.26668481594132154,Expected monthly correction + observed daily intervals
FAR,1.0,0.5,25-day rule on latent true days,Reselected at each detector condition,True,100000,28909,28909,0,28909,0,0,1.0,0.0,0.28909,0.2862883664521142,0.2919078369670357,13260,0.4586806876751185,0.45294256819797196,0.46442978680205305,23.958333333333336,23.33333333333333,24.786324786324787,8.985543167082668,8.694444444444445,8.694444444444445,18.009097512885262,15.318136220554152,10.5,8.666666666666666,2.8353232941682904,0.1443620018371826,Expected monthly correction + oracle daily intervals
FAR,1.0,0.5,Monthly criteria without FAR correction,Reselected at each detector condition,False,100000,99998,99998,0,99998,0,0,1.0,15.0,0.99998,0.999927073162458,0.9999945152614834,26687,0.26687533750675013,0.26414278455659657,0.26962580090291133,0.0,-0.6802721088435382,0.0,3.400999935303484,2.8333333333333335,17.833333333333332,21.845291905838117,21.789535790715814,18.5,18.333333333333332,0.02662081019398165,-0.029135304928320796,Uncorrected observed counts; 25-day rule omitted
FAR,1.0,0.5,Exact oracle false-alarm removal,Reselected at each detector condition,False,100000,35393,35393,0,35393,0,0,1.0,0.0,0.35393,0.35097187849702915,0.356899343509681,13170,0.3721074788800045,0.3670858383049689,0.3771568786467143,14.28571428571429,13.333333333333341,14.814814814814813,8.752590654200395,8.416666666666666,8.416666666666666,15.965529907043766,14.567927744657608,8.5,8.0,1.3162489757861724,-0.0813531865999868,Exact oracle false-alarm removal
FAR,1.0,0.6,Primary monthly criteria,Reselected at each detector condition,False,100000,35462,35462,0,35462,0,0,1.0,0.0,0.35462,0.35166054909068356,0.3575906199059311,17998,0.5075291861711128,0.5023252520944944,0.5127314892102347,28.205128205128204,27.61904761904762,28.735632183908045,8.079220927948306,7.666666666666667,7.666666666666667,16.514832778749085,13.970954824882973,9.5,7.666666666666667,2.876137367698757,0.3322594138326471,Expected monthly correction; 25-day rule omitted
FAR,1.0,0.6,Original 25-day rule retained,Reselected at each detector condition,True,100000,35257,35257,0,35257,0,0,1.0,0.0,0.35257,0.3496145185374743,0.355536807952902,17917,0.5081827722154466,0.5029637663157465,0.5133999951864812,28.205128205128204,27.77777777777778,28.888888888888886,8.084093440500055,7.666666666666667,7.666666666666667,16.54492724848966,13.984485350426864,9.5,7.666666666666667,2.8910082473771954,0.3305663493143993,Expected monthly correction + original daily rounding
FAR,1.0,0.6,25-day rule on observed days,Reselected at each detector condition,True,100000,35462,35462,0,35462,0,0,1.0,0.0,0.35462,0.35166054909068356,0.3575906199059311,17998,0.5075291861711128,0.5023252520944944,0.5127314892102347,28.205128205128204,27.61904761904762,28.735632183908045,8.079220927948306,7.666666666666667,7.666666666666667,16.514832778749085,13.970954824882973,9.5,7.666666666666667,2.876137367698757,0.3322594138326471,Expected monthly correction + observed daily intervals
FAR,1.0,0.6,25-day rule on latent true days,Reselected at each detector condition,True,100000,28446,28446,0,28446,0,0,1.0,0.0,0.28446,0.28167207323196014,0.28726448589261216,13321,0.4682907965970611,0.46249674474150626,0.4740934115652987,25.0,24.0,25.49019607843137,9.026586592970592,8.722222222222221,8.722222222222221,18.27726218097448,15.447022428460944,11.0,9.0,3.023916660807612,0.19367690829407766,Expected monthly correction + oracle daily intervals
FAR,1.0,0.6,Monthly criteria without FAR correction,Reselected at each detector condition,False,100000,100000,100000,0,100000,0,0,1.0,18.0,1.0,0.999961586887417,1.0,26827,0.26827,0.2655328826059865,0.27102492033517134,0.0,0.0,0.0,3.400999935303484,2.8333333333333335,20.833333333333332,24.849725,24.792366666666666,21.5,21.333333333333332,0.03114416666666667,-0.02621416666666669,Uncorrected observed counts; 25-day rule omitted
FAR,1.0,0.6,Exact oracle false-alarm removal,Reselected at each detector condition,False,100000,35393,35393,0,35393,0,0,1.0,0.0,0.35393,0.35097187849702915,0.356899343509681,13170,0.3721074788800045,0.3670858383049689,0.3771568786467143,14.28571428571429,13.333333333333341,14.814814814814813,8.752590654200395,8.416666666666666,8.416666666666666,15.965529907043766,14.567927744657608,8.5,8.0,1.3162489757861724,-0.0813531865999868,Exact oracle false-alarm removal
FAR,1.0,0.7,Primary monthly criteria,Reselected at each detector condition,False,100000,35372,35372,0,35372,0,0,1.0,0.0,0.35372,0.3507622844376016,0.3566889537026158,18258,0.5161709826981794,0.5109616284101346,0.5213768249756789,28.888888888888896,28.205128205128204,29.52380952380952,8.008763199099164,7.583333333333333,7.583333333333333,16.638753816578085,13.970230690941989,10.0,7.666666666666667,3.0790769849347255,0.4105538592986292,Expected monthly correction; 25-day rule omitted
FAR,1.0,0.7,Original 25-day rule retained,Reselected at each detector condition,True,100000,35315,35315,0,35315,0,0,1.0,0.0,0.35315,0.3501933894282526,0.35611789250291315,18240,0.516494407475577,0.5112809249055453,0.5217043020124529,28.888888888888896,28.248587570621464,29.55974842767295,8.005808178331048,7.583333333333333,7.583333333333333,16.644825145122468,13.972608428901788,10.0,7.666666666666667,3.084918275205688,0.4127015589850079,Expected monthly correction + original daily rounding
FAR,1.0,0.7,25-day rule on observed days,Reselected at each detector condition,True,100000,35372,35372,0,35372,0,0,1.0,0.0,0.35372,0.3507622844376016,0.3566889537026158,18258,0.5161709826981794,0.5109616284101346,0.5213768249756789,28.888888888888896,28.205128205128204,29.52380952380952,8.008763199099164,7.583333333333333,7.583333333333333,16.638753816578085,13.970230690941989,10.0,7.666666666666667,3.0790769849347255,0.4105538592986292,Expected monthly correction + observed daily intervals
FAR,1.0,0.7,25-day rule on latent true days,Reselected at each detector condition,True,100000,28005,28005,0,28005,0,0,1.0,0.0,0.28005,0.27727546497670286,0.28284143295152253,13319,0.47559364399214427,0.46974838242247796,0.48144560030580463,25.49019607843137,24.6376811594203,25.92592592592593,9.05816935918421,8.75,8.75,18.540046420282092,15.568779384633695,11.0,9.0,3.2196502608661155,0.24838322521771905,Expected monthly correction + oracle daily intervals
FAR,1.0,0.7,Monthly criteria without FAR correction,Reselected at each detector condition,False,100000,100000,100000,0,100000,0,0,1.0,21.0,1.0,0.999961586887417,1.0,26939,0.26939,0.2666492202990983,0.2721484965966874,0.0,-0.5464480874316946,0.0,3.400999935303484,2.8333333333333335,23.833333333333332,27.84893,27.7898,24.5,24.333333333333332,0.03034916666666667,-0.028780833333333335,Uncorrected observed counts; 25-day rule omitted
FAR,1.0,0.7,Exact oracle false-alarm removal,Reselected at each detector condition,False,100000,35393,35393,0,35393,0,0,1.0,0.0,0.35393,0.35097187849702915,0.356899343509681,13170,0.3721074788800045,0.3670858383049689,0.3771568786467143,14.28571428571429,13.333333333333341,14.814814814814813,8.752590654200395,8.416666666666666,8.416666666666666,15.965529907043766,14.567927744657608,8.5,8.0,1.3162489757861724,-0.0813531865999868,Exact oracle false-alarm removal
FAR,1.0,0.8,Primary monthly criteria,Reselected at each detector condition,False,100000,35321,35321,0,35321,0,0,1.0,0.0,0.35321,0.350253272896411,0.35617800442518127,18422,0.5215594122476713,0.5163478330248001,0.526766302442033,29.6969696969697,29.166666666666664,30.434782608695656,7.937736902545781,7.527777777777778,7.527777777777778,16.76509725092721,13.975019582307032,10.0,7.666666666666667,3.2549199563369604,0.46484228771678165,Expected monthly correction; 25-day rule omitted
FAR,1.0,0.8,Original 25-day rule retained,Reselected at each detector condition,True,100000,35309,35309,0,35309,0,0,1.0,0.0,0.35309,0.35013350601118226,0.356057780529557,18417,0.521595060749384,0.5163826078850317,0.526802815235856,29.6969696969697,29.166666666666664,30.434782608695656,7.937167841890243,7.527777777777778,7.527777777777778,16.766206916083718,13.975926817525277,10.0,7.666666666666667,3.2562574540328084,0.4659773554743676,Expected monthly correction + original daily rounding
FAR,1.0,0.8,25-day rule on observed days,Reselected at each detector condition,True,100000,35321,35321,0,35321,0,0,1.0,0.0,0.35321,0.350253272896411,0.35617800442518127,18422,0.5215594122476713,0.5163478330248001,0.526766302442033,29.6969696969697,29.166666666666664,30.434782608695656,7.937736902545781,7.527777777777778,7.527777777777778,16.76509725092721,13.975019582307032,10.0,7.666666666666667,3.2549199563369604,0.46484228771678165,Expected monthly correction + observed daily intervals
FAR,1.0,0.8,25-day rule on latent true days,Reselected at each detector condition,True,100000,27690,27690,0,27690,0,0,1.0,0.0,0.2769,0.2741352340129094,0.2796819059179252,13220,0.4774286746117732,0.4715490122182046,0.48331459881753097,25.92592592592592,25.33333333333333,26.66666666666667,9.089774218980953,8.805555555555555,8.805555555555555,18.762676056338027,15.688299024918743,11.5,9.0,3.3608864010272463,0.28650936960796114,Expected monthly correction + oracle daily intervals
FAR,1.0,0.8,Monthly criteria without FAR correction,Reselected at each detector condition,False,100000,100000,100000,0,100000,0,0,1.0,24.0,1.0,0.999961586887417,1.0,26981,0.26981,0.2670678526772026,0.2725698319515684,0.0,-0.4975124378109319,0.0,3.400999935303484,2.8333333333333335,26.833333333333332,30.850275,30.79146666666667,27.5,27.666666666666668,0.03169416666666666,-0.027114166666666665,Uncorrected observed counts; 25-day rule omitted
FAR,1.0,0.8,Exact oracle false-alarm removal,Reselected at each detector condition,False,100000,35393,35393,0,35393,0,0,1.0,0.0,0.35393,0.35097187849702915,0.356899343509681,13170,0.3721074788800045,0.3670858383049689,0.3771568786467143,14.28571428571429,13.333333333333341,14.814814814814813,8.752590654200395,8.416666666666666,8.416666666666666,15.965529907043766,14.567927744657608,8.5,8.0,1.3162489757861724,-0.0813531865999868,Exact oracle false-alarm removal
FAR,1.0,0.9,Primary monthly criteria,Reselected at each detector condition,False,100000,35224,35224,0,35224,0,0,1.0,0.0,0.35224,0.3492851630945293,0.3552061887485013,18731,0.5317681126504656,0.5265539395889938,0.5369753573341827,30.434782608695656,29.629629629629626,31.29770992366412,7.8539974461354545,7.444444444444445,7.444444444444445,16.886611401317285,13.966367628132335,10.0,7.666666666666667,3.4540859136447373,0.5338421404597875,Expected monthly correction; 25-day rule omitted
FAR,1.0,0.9,Original 25-day rule retained,Reselected at each detector condition,True,100000,35224,35224,0,35224,0,0,1.0,0.0,0.35224,0.3492851630945293,0.3552061887485013,18731,0.5317681126504656,0.5265539395889938,0.5369753573341827,30.434782608695656,29.629629629629626,31.29770992366412,7.8539974461354545,7.444444444444445,7.444444444444445,16.886611401317285,13.966367628132335,10.0,7.666666666666667,3.4540859136447373,0.5338421404597875,Expected monthly correction + original daily rounding
FAR,1.0,0.9,25-day rule on observed days,Reselected at each detector condition,True,100000,35224,35224,0,35224,0,0,1.0,0.0,0.35224,0.3492851630945293,0.3552061887485013,18731,0.5317681126504656,0.5265539395889938,0.5369753573341827,30.434782608695656,29.629629629629626,31.29770992366412,7.8539974461354545,7.444444444444445,7.444444444444445,16.886611401317285,13.966367628132335,10.0,7.666666666666667,3.4540859136447373,0.5338421404597875,Expected monthly correction + observed daily intervals
FAR,1.0,0.9,25-day rule on latent true days,Reselected at each detector condition,True,100000,27287,27287,0,27287,0,0,1.0,0.0,0.27287,0.27011798262402603,0.27563946691649605,13260,0.4859456884230586,0.4800178943455097,0.49187743907037884,26.315789473684216,25.64102564102565,27.083333333333336,9.126281952592723,8.86111111111111,8.86111111111111,19.020614211895776,15.816396086048302,11.5,9.333333333333334,3.5366037144264872,0.332385588579014,Expected monthly correction + oracle daily intervals
FAR,1.0,0.9,Monthly criteria without FAR correction,Reselected at each detector condition,False,100000,100000,100000,0,100000,0,0,1.0,27.0,1.0,0.999961586887417,1.0,27099,0.27099,0.2682440270219475,0.2737535669518779,0.0,-0.46948356807510194,0.0,3.400999935303484,2.8333333333333335,29.833333333333332,33.84939,33.79746,30.5,30.666666666666668,0.03080916666666665,-0.021120833333333307,Uncorrected observed counts; 25-day rule omitted
FAR,1.0,0.9,Exact oracle false-alarm removal,Reselected at each detector condition,False,100000,35393,35393,0,35393,0,0,1.0,0.0,0.35393,0.35097187849702915,0.356899343509681,13170,0.3721074788800045,0.3670858383049689,0.3771568786467143,14.28571428571429,13.333333333333341,14.814814814814813,8.752590654200395,8.416666666666666,8.416666666666666,15.965529907043766,14.567927744657608,8.5,8.0,1.3162489757861724,-0.0813531865999868,Exact oracle false-alarm removal
FAR,1.0,1.0,Primary monthly criteria,Reselected at each detector condition,False,100000,35134,35134,0,35134,0,0,1.0,0.0,0.35134,0.3483869288489487,0.3543044921376846,18845,0.5363750213468436,0.5311569565512897,0.5415851327143664,31.182795698924735,30.434782608695656,33.33333333333333,7.806436828291843,7.388888888888889,7.388888888888889,16.99090624466329,13.988074230090511,10.5,8.0,3.601032238477448,0.5982002239046698,Expected monthly correction; 25-day rule omitted
FAR,1.0,1.0,Original 25-day rule retained,Reselected at each detector condition,True,100000,35134,35134,0,35134,0,0,1.0,0.0,0.35134,0.3483869288489487,0.3543044921376846,18845,0.5363750213468436,0.5311569565512897,0.5415851327143664,31.182795698924735,30.434782608695656,33.33333333333333,7.806436828291843,7.388888888888889,7.388888888888889,16.99090624466329,13.988074230090511,10.5,8.0,3.601032238477448,0.5982002239046698,Expected monthly correction + original daily rounding
FAR,1.0,1.0,25-day rule on observed days,Reselected at each detector condition,True,100000,35134,35134,0,35134,0,0,1.0,0.0,0.35134,0.3483869288489487,0.3543044921376846,18845,0.5363750213468436,0.5311569565512897,0.5415851327143664,31.182795698924735,30.434782608695656,33.33333333333333,7.806436828291843,7.388888888888889,7.388888888888889,16.99090624466329,13.988074230090511,10.5,8.0,3.601032238477448,0.5982002239046698,Expected monthly correction + observed daily intervals
FAR,1.0,1.0,25-day rule on latent true days,Reselected at each detector condition,True,100000,27003,27003,0,27003,0,0,1.0,0.0,0.27003,0.26728713755147004,0.27279053017553145,13232,0.490019627448802,0.4840590099523488,0.4959830841658452,26.66666666666667,25.92592592592593,27.536231884057973,9.143592019166915,8.88888888888889,8.88888888888889,19.197607673221494,15.907022676492737,12.0,9.333333333333334,3.6762695091491895,0.3856845124204307,Expected monthly correction + oracle daily intervals
FAR,1.0,1.0,Monthly criteria without FAR correction,Reselected at each detector condition,False,100000,100000,100000,0,100000,0,0,1.0,30.0,1.0,0.999961586887417,1.0,27149,0.27149,0.26874241339842897,0.27425514216228386,0.0,-0.4444444444444473,0.0,3.400999935303484,2.8333333333333335,32.833333333333336,36.84532,36.79678666666667,33.5,33.666666666666664,0.02673916666666665,-0.021794166666666646,Uncorrected observed counts; 25-day rule omitted
FAR,1.0,1.0,Exact oracle false-alarm removal,Reselected at each detector condition,False,100000,35393,35393,0,35393,0,0,1.0,0.0,0.35393,0.35097187849702915,0.356899343509681,13170,0.3721074788800045,0.3670858383049689,0.3771568786467143,14.28571428571429,13.333333333333341,14.814814814814813,8.752590654200395,8.416666666666666,8.416666666666666,15.965529907043766,14.567927744657608,8.5,8.0,1.3162489757861724,-0.0813531865999868,Exact oracle false-alarm removal
